County,Year,Murder,Rape,Assault,Burglary,Larceny,Auto_Theft,Total_Crime,Population,Violent_Offenses,NonViolent_Offenses
Anderson County,2015,9,38,195,319,749,75,1407,57560,242,1143
Anderson County,2016,2,44,237,259,485,94,1145,57250,283,838
Anderson County,2017,2,25,153,278,536,64,1078,57569,180,878
Anderson County,2018,1,8,96,198,531,62,907,57491,105,791
Anderson County,2019,2,23,100,249,514,82,984,57657,125,845
Anderson County,2020,4,15,109,208,456,70,869,57474,128,734
Andrews County,2015,0,18,64,60,313,51,518,18248,82,424
Andrews County,2016,1,21,61,78,286,36,485,18785,83,400
Andrews County,2017,0,8,54,57,185,25,330,18285,62,267
Andrews County,2018,0,10,61,60,187,33,352,18130,71,280
Andrews County,2019,0,14,68,69,190,23,367,18473,82,282
Andrews County,2020,2,13,51,46,330,32,476,19130,66,408
Angelina County,2015,4,24,172,594,1741,103,2688,88151,200,2438
Angelina County,2016,1,32,181,532,1523,140,2445,88262,214,2195
Angelina County,2017,6,25,180,475,1663,161,2548,87845,211,2299
Angelina County,2018,1,45,187,474,1420,150,2297,87687,233,2044
Angelina County,2019,2,56,199,505,1590,183,2575,86568,257,2278
Angelina County,2020,4,55,292,1122,1483,200,3211,86399,351,2805
Aransas County,2015,2,21,138,415,938,51,1572,33232,161,1404
Aransas County,2016,3,23,146,417,939,55,1599,33526,172,1411
Aransas County,2017,1,19,116,353,779,62,1336,33764,136,1194
Aransas County,2018,2,23,114,324,771,73,1315,33339,139,1168
Aransas County,2019,0,25,110,282,728,65,1222,31112,135,1075
Aransas County,2020,4,19,110,297,671,60,1169,31073,133,1028
Archer County,2015,0,0,7,11,37,7,62,5281,7,55
Archer County,2016,0,1,9,9,28,6,54,5182,10,43
Archer County,2017,0,0,10,3,14,2,29,5207,10,19
Archer County,2018,0,3,1,5,6,1,16,1742,4,12
Archer County,2019,0,3,3,2,0,0,8,1732,6,2
Archer County,2020,0,0,1,4,10,2,17,1687,1,16
Armstrong County,2015,0,0,1,11,11,2,25,1973,1,24
Armstrong County,2016,0,0,3,4,5,1,13,1951,3,10
Armstrong County,2017,0,0,4,9,10,5,29,1870,4,24
Armstrong County,2018,0,4,3,6,9,2,24,1871,7,17
Armstrong County,2019,0,0,1,10,5,3,19,1879,1,18
Armstrong County,2020,0,0,0,0,3,1,4,1880,0,4
Atascosa County,2015,6,7,101,333,1052,111,1615,49177,114,1496
Atascosa County,2016,3,8,81,319,915,92,1435,49596,92,1326
Atascosa County,2017,0,19,111,257,694,104,1201,50006,130,1055
Atascosa County,2018,4,15,99,235,774,112,1248,50059,118,1121
Atascosa County,2019,2,9,68,221,675,125,1112,51329,79,1021
Atascosa County,2020,5,5,82,187,652,114,1056,52332,92,953
Austin County,2015,0,8,53,121,283,13,482,29354,61,417
Austin County,2016,0,6,43,136,239,31,466,29718,49,406
Austin County,2017,0,11,34,98,183,45,376,29963,45,326
Austin County,2018,0,11,32,82,138,29,295,29912,43,249
Austin County,2019,0,5,38,80,147,29,302,30009,43,256
Austin County,2020,3,6,33,72,133,31,281,30121,42,236
Bailey County,2015,0,4,14,46,104,14,184,6865,18,164
Bailey County,2016,0,0,11,28,85,5,129,7202,11,118
Bailey County,2017,0,0,7,31,53,6,98,7179,7,90
Bailey County,2018,1,1,14,15,53,5,89,7047,16,73
Bailey County,2019,0,1,6,20,35,2,64,6968,7,57
Bailey County,2020,0,2,1,8,23,9,43,6960,3,40
Bandera County,2015,0,8,13,102,194,16,333,21024,21,312
Bandera County,2016,0,11,26,75,146,25,284,21352,37,246
Bandera County,2017,0,16,14,117,136,26,310,21966,30,279
Bandera County,2018,1,24,7,108,134,42,318,22557,32,284
Bandera County,2019,0,2,16,95,143,27,284,22980,18,265
Bandera County,2020,0,4,13,61,122,20,220,23336,17,203
Bastrop County,2015,4,50,185,387,1081,111,1851,80182,239,1579
Bastrop County,2016,9,58,256,360,1211,149,2095,82589,323,1720
Bastrop County,2017,2,37,178,319,951,106,1632,85153,217,1376
Bastrop County,2018,5,55,147,317,834,102,1488,87175,207,1253
Bastrop County,2019,6,57,179,271,794,137,1474,89191,242,1202
Bastrop County,2020,1,38,199,182,685,135,1273,91221,238,1002
Baylor County,2015,0,2,7,35,53,5,102,3570,9,93
Baylor County,2016,0,1,7,19,39,2,68,3588,8,60
Baylor County,2017,0,0,12,10,17,4,44,3690,12,31
Baylor County,2018,0,2,5,5,28,2,42,3554,7,35
Baylor County,2019,0,1,4,6,18,4,33,3545,5,28
Baylor County,2020,0,2,7,4,15,9,37,3476,9,28
Bee County,2015,3,0,61,132,435,8,644,33180,64,575
Bee County,2016,2,5,94,124,337,9,576,32978,101,470
Bee County,2017,1,2,69,165,342,26,608,32862,72,533
Bee County,2018,2,6,55,136,389,19,615,32573,63,544
Bee County,2019,2,4,40,164,338,20,573,32474,46,522
Bee County,2020,0,2,64,151,391,28,642,32534,66,570
Bell County,2015,23,264,720,2192,6709,469,10627,332946,1007,9370
Bell County,2016,27,232,834,2104,6062,653,10277,337383,1093,8819
Bell County,2017,30,285,830,2065,5802,933,10362,343716,1145,8800
Bell County,2018,25,261,511,1553,5357,543,8494,351009,797,7453
Bell County,2019,19,239,570,1383,4954,618,7976,357960,828,6955
Bell County,2020,43,215,1067,1248,4735,953,8471,366533,1325,6936
Bexar County,2015,112,1214,6009,13694,64295,6861,94344,1897498,7335,84850
Bexar County,2016,173,1376,7758,14350,67718,8145,101965,1932033,9307,90213
Bexar County,2017,143,1478,7745,13667,63406,7777,96772,1966517,9366,84850
Bexar County,2018,121,1575,7156,10659,53394,6857,81697,1992664,8852,70910
Bexar County,2019,122,1821,8138,9706,58699,8624,89232,2010637,10081,77029
Bexar County,2020,154,1444,9018,9701,48931,8049,79617,2034193,10616,66681
Blanco County,2015,0,1,8,35,56,13,113,10913,9,104
Blanco County,2016,1,5,10,20,46,9,92,11074,16,75
Blanco County,2017,0,2,12,40,52,12,119,11535,14,104
Blanco County,2018,0,1,13,14,33,3,64,11763,14,50
Blanco County,2019,0,6,12,23,25,12,79,11786,18,60
Blanco County,2020,1,1,27,30,45,7,112,12061,29,82
Borden County,2015,0,0,2,3,3,2,10,656,2,8
Borden County,2016,0,0,4,3,3,1,11,647,4,7
Borden County,2017,0,0,2,2,14,2,20,631,2,18
Borden County,2018,0,0,0,4,10,1,15,675,0,15
Borden County,2019,0,1,0,5,4,1,11,645,1,10
Borden County,2020,0,1,0,6,5,1,13,653,1,12
Bosque County,2015,0,0,9,38,65,2,114,17714,9,105
Bosque County,2016,0,0,6,71,72,2,152,15194,6,145
Bosque County,2017,0,0,8,41,72,5,126,15404,8,118
Bosque County,2018,0,0,4,26,45,5,80,15631,4,76
Bosque County,2019,0,3,24,45,42,11,125,17136,27,98
Bosque County,2020,1,0,8,41,53,6,109,18682,9,100
Bowie County,2015,4,44,347,579,2118,201,3354,93635,395,2898
Bowie County,2016,5,51,336,581,1974,195,3193,93256,392,2750
Bowie County,2017,6,67,456,547,2018,202,3399,93960,529,2767
Bowie County,2018,5,50,202,526,1944,212,2993,93946,257,2682
Bowie County,2019,4,66,294,501,1810,130,2853,93943,364,2441
Bowie County,2020,3,70,266,373,1146,193,2093,92995,339,1712
Brazoria County,2015,4,114,352,1149,4475,359,6555,350739,470,5983
Brazoria County,2016,8,110,395,996,4443,404,6511,358003,513,5843
Brazoria County,2017,10,113,437,947,4111,370,6079,367132,560,5428
Brazoria County,2018,4,131,377,800,4241,390,6050,373587,512,5431
Brazoria County,2019,10,123,400,1002,4759,472,6899,381928,533,6233
Brazoria County,2020,13,118,456,708,4302,505,6210,386756,587,5515
Brazos County,2015,9,131,447,969,4628,244,6533,213128,587,5841
Brazos County,2016,5,129,474,972,4354,288,6373,218486,608,5614
Brazos County,2017,6,124,399,752,4011,267,5679,224600,529,5030
Brazos County,2018,4,150,395,784,4087,330,5833,226375,549,5201
Brazos County,2019,5,177,373,841,3501,355,5359,229532,555,4697
Brazos County,2020,9,184,468,675,3494,402,5312,232487,661,4571
Brewster County,2015,1,2,8,35,88,7,141,9168,11,130
Brewster County,2016,1,5,8,39,76,2,131,9093,14,117
Brewster County,2017,1,3,19,44,49,10,126,9179,23,103
Brewster County,2018,1,4,19,44,37,1,107,9323,24,82
Brewster County,2019,1,2,16,31,15,6,71,9210,19,52
Brewster County,2020,0,2,8,38,21,9,78,9166,10,68
Briscoe County,2015,0,1,1,2,6,1,11,1518,2,9
Briscoe County,2016,0,0,0,5,7,1,13,1477,0,13
Briscoe County,2017,0,1,0,4,2,2,9,1448,1,8
Briscoe County,2018,0,0,1,1,6,0,8,1510,1,7
Briscoe County,2019,0,0,0,2,1,1,4,1493,0,4
Briscoe County,2020,0,0,1,0,3,3,7,1532,1,6
Brooks County,2015,1,0,12,46,82,0,141,7206,13,128
Brooks County,2016,0,1,14,56,95,0,166,7215,15,151
Brooks County,2017,0,0,15,70,116,0,203,7208,15,186
Brooks County,2018,0,0,12,79,64,0,155,7219,12,143
Brooks County,2019,0,0,15,48,62,1,127,7057,15,111
Brooks County,2020,0,0,32,47,59,2,140,7056,32,108
Brown County,2015,1,27,92,222,711,26,1097,37625,120,959
Brown County,2016,3,16,102,173,620,42,959,37740,121,835
Brown County,2017,1,25,87,161,701,34,1020,38257,113,896
Brown County,2018,1,33,110,164,552,40,904,37943,144,756
Brown County,2019,0,33,88,191,649,59,1027,37667,121,899
Brown County,2020,0,37,94,211,613,64,1032,37712,131,888
Burleson County,2015,1,13,22,62,122,13,234,17302,36,197
Burleson County,2016,0,9,20,65,83,8,189,16074,29,156
Burleson County,2017,0,2,28,46,107,9,198,16404,30,162
Burleson County,2018,0,6,27,60,109,11,215,18074,33,180
Burleson County,2019,1,7,16,44,97,4,172,18422,24,145
Burleson County,2020,0,6,31,57,120,15,229,18520,37,192
Burnet County,2015,1,23,76,159,467,27,757,47160,100,653
Burnet County,2016,0,28,82,191,526,57,887,47500,110,774
Burnet County,2017,1,38,73,168,412,48,746,47121,112,628
Burnet County,2018,0,29,74,132,400,51,689,49180,103,583
Burnet County,2019,0,30,85,164,399,57,743,49857,115,620
Burnet County,2020,3,27,85,112,330,57,619,50632,115,499
Caldwell County,2015,0,7,77,196,435,48,768,39860,84,679
Caldwell County,2016,2,11,69,161,379,31,667,40424,82,571
Caldwell County,2017,2,9,74,103,415,50,666,41211,85,568
Caldwell County,2018,1,6,65,102,257,28,469,42396,72,387
Caldwell County,2019,0,13,61,67,260,23,427,41896,74,350
Caldwell County,2020,1,17,59,68,234,41,427,43708,77,343
Calhoun County,2015,5,11,90,151,227,24,511,19772,106,402
Calhoun County,2016,1,19,101,199,361,26,712,19728,121,586
Calhoun County,2017,1,20,85,104,205,33,451,19804,106,342
Calhoun County,2018,1,14,64,94,153,27,357,19525,79,274
Calhoun County,2019,0,16,57,80,175,14,345,19260,73,269
Calhoun County,2020,1,13,33,57,119,25,250,19036,47,201
Callahan County,2015,2,1,13,69,89,15,192,13541,16,173
Callahan County,2016,0,1,7,45,94,17,165,13525,8,156
Callahan County,2017,0,4,17,48,71,13,154,13856,21,132
Callahan County,2018,0,1,7,68,61,14,152,13971,8,143
Callahan County,2019,0,1,8,58,55,14,136,13968,9,127
Callahan County,2020,0,0,19,38,56,18,131,13944,19,112
Cameron County,2015,7,188,816,2409,10986,309,14976,424559,1011,13704
Cameron County,2016,8,201,1174,2116,9655,331,13709,423223,1383,12102
Cameron County,2017,8,226,897,1790,8987,351,12451,424158,1131,11128
Cameron County,2018,5,176,917,1699,8855,348,12218,424884,1098,10902
Cameron County,2019,4,239,1119,1681,8695,359,12335,423309,1362,10735
Cameron County,2020,13,181,1077,1162,6615,389,9683,423478,1271,8166
Camp County,2015,3,4,32,96,156,39,333,12704,39,291
Camp County,2016,1,3,23,55,154,17,257,12699,27,226
Camp County,2017,2,3,14,79,152,18,272,12930,19,249
Camp County,2018,0,4,21,55,100,20,200,12886,25,175
Camp County,2019,0,6,22,38,82,12,161,13033,28,132
Camp County,2020,0,7,37,34,71,18,170,13129,44,123
Carson County,2015,0,0,25,19,29,5,78,5990,25,53
Carson County,2016,0,0,29,13,36,4,82,5914,29,53
Carson County,2017,0,2,17,10,24,2,55,6034,19,36
Carson County,2018,1,2,19,18,26,7,73,5998,22,51
Carson County,2019,1,2,23,21,23,6,79,5948,26,50
Carson County,2020,0,0,14,10,14,5,43,5881,14,29
Cass County,2015,1,22,64,261,392,33,781,29894,87,686
Cass County,2016,1,18,86,232,357,46,747,29809,105,635
Cass County,2017,0,8,55,197,288,34,590,29942,63,519
Cass County,2018,0,12,74,151,258,42,543,29476,86,451
Cass County,2019,1,19,70,110,281,27,514,29496,90,418
Cass County,2020,1,7,36,133,220,47,446,29491,44,400
Castro County,2015,0,0,4,63,109,12,190,7719,4,184
Castro County,2016,0,0,6,59,100,5,171,7547,6,164
Castro County,2017,0,0,5,46,80,13,144,7591,5,139
Castro County,2018,1,3,11,25,51,12,103,7783,15,88
Castro County,2019,0,4,25,24,39,10,102,7562,29,73
Castro County,2020,0,0,4,10,26,8,48,7442,4,44
Chambers County,2015,3,12,95,144,591,112,971,34701,110,847
Chambers County,2016,3,19,109,149,621,76,995,35244,131,846
Chambers County,2017,0,26,63,147,551,17,820,36489,89,715
Chambers County,2018,3,6,44,126,513,85,787,37983,53,724
Chambers County,2019,1,13,67,145,529,105,869,38973,81,779
Chambers County,2020,4,16,106,117,509,98,858,40518,126,724
Cherokee County,2015,3,35,139,282,673,74,1223,50770,177,1029
Cherokee County,2016,3,27,139,319,664,64,1235,51260,169,1047
Cherokee County,2017,1,25,166,260,606,73,1144,51619,192,939
Cherokee County,2018,2,22,143,276,545,73,1071,52155,167,894
Cherokee County,2019,3,11,95,241,460,88,904,52337,109,789
Cherokee County,2020,1,15,89,217,460,96,881,52381,105,773
Childress County,2015,0,0,2,4,4,3,13,1026,2,11
Childress County,2016,0,0,0,6,3,1,10,976,0,10
Childress County,2017,0,0,3,4,8,0,15,952,3,12
Childress County,2018,0,0,0,6,3,1,10,979,0,10
Childress County,2019,0,1,4,14,25,4,48,7273,5,43
Childress County,2020,0,2,7,11,23,7,50,7308,9,41
Clay County,2015,0,3,13,40,76,20,152,10303,16,136
Clay County,2016,3,3,8,24,63,13,114,10256,14,100
Clay County,2017,0,5,9,43,75,19,153,10095,14,137
Clay County,2018,0,9,11,65,40,19,149,10348,20,124
Clay County,2019,0,8,8,33,49,21,119,10356,16,103
Clay County,2020,0,3,9,34,49,9,105,10406,12,92
Cochran County,2015,0,0,5,39,59,5,109,2892,5,103
Cochran County,2016,0,4,3,20,50,6,83,2909,7,76
Cochran County,2017,0,0,5,0,1,2,8,2839,5,3
Cochran County,2018,0,0,0,2,0,0,2,2803,0,2
Cochran County,2019,0,0,3,12,15,0,30,2782,3,27
Cochran County,2020,0,0,3,14,22,9,48,2812,3,45
Coke County,2015,0,0,1,8,2,5,16,3244,1,15
Coke County,2016,0,0,1,14,12,3,30,3212,1,29
Coke County,2017,0,0,1,0,1,1,3,3252,1,2
Coke County,2018,1,0,0,1,0,0,2,3295,1,1
Coke County,2019,0,0,2,10,0,4,16,3356,2,14
Coke County,2020,0,0,3,9,7,2,21,3383,3,18
Coleman County,2015,0,0,5,54,44,5,109,5419,5,103
Coleman County,2016,0,4,8,48,25,4,89,5356,12,77
Coleman County,2017,0,0,22,24,20,1,68,5425,22,45
Coleman County,2018,0,5,14,32,7,3,62,5403,19,42
Coleman County,2019,1,6,20,22,15,2,66,5373,27,39
Coleman County,2020,0,2,18,8,7,5,42,5228,20,20
Collin County,2015,10,272,655,1936,10258,623,13987,886551,937,12817
Collin County,2016,14,224,596,1967,10395,735,14163,915044,834,13097
Collin County,2017,29,272,655,1854,10566,725,14366,945773,956,13145
Collin County,2018,11,320,677,1567,10236,849,13921,980246,1008,12652
Collin County,2019,7,294,635,1457,9728,881,13246,1016192,936,12066
Collin County,2020,9,333,715,1394,9340,939,12953,1055292,1057,11673
Collingsworth County,2015,0,0,8,10,7,0,25,3016,8,17
Collingsworth County,2016,0,0,9,6,5,1,21,3033,9,12
Collingsworth County,2018,0,0,0,0,0,0,0,2970,0,0
Collingsworth County,2020,0,0,0,0,0,0,0,2896,0,0
Colorado County,2015,0,5,38,73,185,24,329,20725,43,282
Colorado County,2016,0,7,38,63,134,29,279,20806,45,226
Colorado County,2017,0,4,56,64,110,31,266,21020,60,205
Colorado County,2018,0,5,17,38,135,28,225,21225,22,201
Colorado County,2019,1,11,25,55,156,20,271,21127,37,231
Colorado County,2020,3,1,22,96,156,39,326,21489,26,291
Comal County,2015,4,64,249,539,2145,221,3259,138415,317,2905
Comal County,2016,2,74,256,470,1909,239,2984,144356,332,2618
Comal County,2017,5,82,229,445,1533,197,2527,151132,316,2175
Comal County,2018,4,88,272,395,1330,130,2245,158668,364,1855
Comal County,2019,2,61,264,407,1281,172,2221,166905,327,1860
Comal County,2020,8,47,282,386,1320,236,2313,176360,337,1942
Comanche County,2015,1,0,32,74,184,5,296,13488,33,263
Comanche County,2016,0,7,15,93,180,7,306,13286,22,280
Comanche County,2017,0,7,28,49,153,4,243,13394,35,206
Comanche County,2018,1,1,22,56,115,10,206,13482,24,181
Comanche County,2019,2,2,13,43,143,15,219,13398,17,201
Comanche County,2020,4,4,13,45,134,12,213,13554,21,191
Concho County,2015,0,0,1,1,0,0,2,4048,1,1
Concho County,2016,0,0,1,8,4,2,15,4066,1,14
Concho County,2017,0,0,7,7,3,4,21,4306,7,14
Concho County,2018,0,0,11,2,7,0,20,2585,11,9
Concho County,2019,0,0,11,8,0,0,19,4272,11,8
Concho County,2020,0,0,1,2,5,1,9,2617,1,8
Cooke County,2015,1,10,57,170,503,41,795,38165,68,714
Cooke County,2016,0,30,92,161,499,52,844,38499,122,712
Cooke County,2017,0,21,99,176,465,38,812,38581,120,679
Cooke County,2018,0,24,73,124,329,26,589,39195,97,479
Cooke County,2019,3,20,89,97,352,23,592,39747,112,472
Cooke County,2020,4,25,67,131,476,70,785,40582,96,677
Coryell County,2015,1,19,113,243,986,36,1417,76351,133,1265
Coryell County,2016,2,22,150,245,913,51,1424,75889,174,1209
Coryell County,2017,2,15,231,245,864,50,1430,75104,248,1159
Coryell County,2018,0,18,147,198,690,36,1101,75270,165,924
Coryell County,2019,0,30,127,185,737,27,1113,74917,157,949
Coryell County,2020,5,8,161,182,706,69,1146,76414,174,957
Cottle County,2015,0,0,5,1,2,0,8,1398,5,3
Cottle County,2016,0,0,1,4,5,1,11,1407,1,10
Cottle County,2017,0,0,3,1,1,0,5,1384,3,2
Cottle County,2018,1,0,1,2,0,1,5,1076,2,3
Crane County,2015,2,0,5,5,17,3,32,5117,7,25
Crane County,2016,0,1,3,10,22,2,38,5179,4,34
Crane County,2017,0,0,3,1,22,3,29,4906,3,26
Crane County,2018,0,1,0,5,10,2,18,4782,1,17
Crane County,2019,0,3,4,7,7,6,27,4820,7,20
Crane County,2020,0,2,3,5,15,5,30,4830,5,25
Crockett County,2015,0,1,10,24,24,3,63,3847,11,51
Crockett County,2016,0,0,3,14,20,3,40,3699,3,37
Crockett County,2017,0,0,5,16,16,1,38,3666,5,33
Crockett County,2018,0,0,2,106,11,0,120,3535,2,117
Crockett County,2019,0,0,1,9,5,4,20,3453,1,18
Crockett County,2020,1,0,2,7,2,2,14,3427,3,11
Crosby County,2015,0,0,1,19,7,1,28,4728,1,27
Crosby County,2016,0,0,3,14,12,1,30,4769,3,27
Crosby County,2017,0,0,1,6,2,0,9,4788,1,8
Crosby County,2018,0,2,9,23,17,8,61,5864,11,48
Crosby County,2019,0,1,3,29,13,4,51,4553,4,46
Crosby County,2020,0,0,5,15,19,5,44,4549,5,39
Culberson County,2015,0,0,0,0,0,0,0,2239,0,0
Culberson County,2016,0,0,0,0,0,0,0,2198,0,0
Culberson County,2017,0,0,0,0,0,0,0,2164,0,0
Culberson County,2018,0,0,0,0,0,0,0,2201,0,0
Culberson County,2019,0,0,0,0,0,0,0,2166,0,0
Culberson County,2020,0,0,0,0,0,0,0,2140,0,0
Dallam County,2015,0,7,40,41,183,7,279,10024,47,231
Dallam County,2016,0,7,63,96,198,20,385,10013,70,314
Dallam County,2017,0,11,60,113,148,18,355,9911,71,279
Dallam County,2018,1,7,15,60,109,15,207,9970,23,184
Dallam County,2019,0,5,28,54,104,19,210,9878,33,177
Dallam County,2020,1,4,20,43,103,15,187,9926,25,161
Dallas County,2015,188,1265,5783,18507,56125,11954,99436,2829734,7236,86586
Dallas County,2016,217,1362,6465,18476,57124,12110,102028,2857909,8044,87710
Dallas County,2017,205,1499,7019,16162,54624,12510,97994,2887503,8723,83296
Dallas County,2018,211,1324,7339,14452,54000,14503,97146,2931219,8874,82955
Dallas County,2019,248,1259,8445,13530,53919,15986,99302,2943177,9952,83435
Dallas County,2020,303,1186,10351,14236,52863,16343,99886,2947321,11840,83442
Dawson County,2015,1,9,33,124,292,29,493,13166,43,445
Dawson County,2016,1,10,48,106,287,23,478,13302,59,416
Dawson County,2017,0,5,14,35,88,9,151,12863,19,132
Dawson County,2018,1,10,32,117,287,21,472,12523,43,425
Dawson County,2019,2,7,55,136,296,30,538,12284,64,462
Dawson County,2020,0,13,46,116,276,37,490,12451,59,429
DeWitt County,2015,0,15,74,199,295,10,595,18658,89,504
DeWitt County,2016,1,10,91,113,220,10,448,18669,102,343
DeWitt County,2017,0,24,108,123,204,21,481,18770,132,348
DeWitt County,2018,2,8,85,158,239,14,507,16006,95,411
DeWitt County,2019,1,13,58,74,215,16,377,15907,72,305
DeWitt County,2020,0,11,56,73,174,30,346,15941,67,277
Deaf Smith County,2015,0,8,35,98,297,33,479,19176,43,428
Deaf Smith County,2016,0,2,51,124,299,28,511,18799,53,451
Deaf Smith County,2017,0,7,52,79,300,32,475,18710,59,411
Deaf Smith County,2018,0,7,81,97,276,29,505,18696,88,402
Deaf Smith County,2019,0,2,82,85,249,36,459,18557,84,370
Deaf Smith County,2020,0,0,109,79,212,44,455,18384,109,335
Delta County,2015,0,0,4,17,15,1,37,5249,4,33
Delta County,2016,0,0,0,18,9,1,28,5198,0,28
Delta County,2017,0,0,2,13,10,1,26,5207,2,24
Delta County,2018,0,0,3,10,18,1,32,5292,3,29
Delta County,2019,0,0,1,10,16,1,28,5329,1,27
Delta County,2020,0,1,1,9,3,1,15,5324,2,13
Denton County,2015,6,198,549,1351,6780,612,9651,599184,753,8743
Denton County,2016,7,232,530,1527,6863,655,9966,615486,769,9045
Denton County,2017,10,304,581,1312,6624,760,9794,638302,895,8696
Denton County,2018,12,353,620,1193,6973,663,10018,660419,985,8829
Denton County,2019,10,402,488,1114,6740,734,9673,675245,900,8588
Denton County,2020,14,385,616,1030,6513,926,9660,698492,1015,8469
Dickens County,2015,0,0,3,10,5,1,19,2168,3,16
Dickens County,2016,0,0,11,12,8,5,37,2155,11,25
Dickens County,2017,0,0,7,8,1,0,16,2142,7,9
Dickens County,2018,0,1,0,3,0,2,6,2171,1,5
Dickens County,2019,0,0,1,5,1,2,9,2212,1,8
Dickens County,2020,0,0,0,4,0,1,5,2179,0,5
Dimmit County,2015,0,0,9,55,204,14,283,11396,9,273
Dimmit County,2016,0,1,2,39,135,8,185,11148,3,182
Dimmit County,2017,0,0,16,21,98,6,142,10916,16,125
Dimmit County,2018,0,1,8,21,88,7,125,10447,9,116
Dimmit County,2019,1,2,8,39,93,7,150,10280,11,139
Dimmit County,2020,0,4,5,36,72,6,123,10101,9,114
Donley County,2015,0,0,6,9,39,8,62,3507,6,56
Donley County,2016,0,1,1,8,31,6,48,3444,2,45
Donley County,2017,0,0,2,15,25,2,44,3350,2,42
Donley County,2018,0,0,3,10,22,5,42,3245,3,37
Donley County,2019,2,0,2,12,16,2,34,3250,4,30
Donley County,2020,0,1,3,10,10,3,27,3220,4,23
Duval County,2015,0,0,64,92,143,23,326,12421,64,258
Duval County,2016,1,1,63,71,124,26,289,12200,65,221
Duval County,2017,0,3,13,23,21,3,65,7108,16,47
Duval County,2018,0,1,34,44,80,30,191,12088,35,154
Duval County,2019,0,4,19,30,53,42,148,11988,23,125
Duval County,2020,0,3,28,22,83,41,177,11934,31,146
Eastland County,2015,0,10,46,145,296,28,527,17292,56,469
Eastland County,2016,1,6,32,96,194,15,344,17209,39,305
Eastland County,2017,0,11,34,55,155,18,273,17370,45,228
Eastland County,2018,0,10,34,72,110,18,245,17504,44,200
Eastland County,2019,3,15,18,65,89,14,205,17345,36,168
Eastland County,2020,1,13,20,77,102,33,249,17452,34,212
Ector County,2015,12,89,1415,1287,4714,798,8519,160797,1516,6799
Ector County,2016,7,99,907,1170,4349,687,7391,165908,1013,6206
Ector County,2017,12,86,873,868,3452,470,5884,163062,971,4790
Ector County,2018,12,125,969,803,3189,633,5858,161844,1106,4625
Ector County,2019,17,155,1153,715,3689,866,6744,166736,1325,5270
Ector County,2020,19,111,908,872,3323,889,6284,171497,1038,5084
Edwards County,2015,1,0,1,6,14,1,23,1856,2,21
Edwards County,2016,0,0,4,4,11,3,22,1868,4,18
Edwards County,2017,0,0,0,9,16,1,26,1895,0,26
Edwards County,2018,0,1,2,11,10,0,24,1942,3,21
Edwards County,2019,0,1,1,1,2,2,7,1908,2,5
Edwards County,2020,0,0,0,0,0,0,0,1918,0,0
El Paso County,2015,23,370,2128,1851,12552,947,18315,841774,2521,15350
El Paso County,2016,23,378,2134,1781,11656,928,17420,838465,2535,14365
El Paso County,2017,21,441,2122,1603,11758,898,17275,842905,2584,14259
El Paso County,2018,31,464,2019,1369,9648,923,14857,843458,2514,11940
El Paso County,2019,41,390,2052,1306,9750,1018,14920,840222,2483,12074
El Paso County,2020,37,349,1954,1056,8343,636,12701,840442,2340,10035
Ellis County,2015,1,19,134,458,1974,208,2835,154975,154,2640
Ellis County,2016,5,49,158,560,1899,187,2911,158612,212,2646
Ellis County,2017,8,52,259,440,1927,197,2928,163960,319,2564
Ellis County,2018,2,48,192,311,1567,157,2325,169040,242,2035
Ellis County,2019,3,38,132,379,1672,174,2437,173487,173,2225
Ellis County,2020,3,59,167,351,1585,209,2425,180590,229,2145
Erath County,2015,0,12,45,175,414,26,675,40826,57,615
Erath County,2016,0,22,38,144,542,28,777,41678,60,714
Erath County,2017,1,39,50,103,444,27,669,42277,90,574
Erath County,2018,1,19,52,139,408,36,658,42464,72,583
Erath County,2019,2,32,59,131,405,23,661,42779,93,559
Erath County,2020,0,31,42,90,322,31,518,43118,73,443
Falls County,2015,0,2,25,59,89,21,203,14718,27,169
Falls County,2016,1,0,17,37,58,15,129,14864,18,110
Falls County,2017,0,0,0,2,6,1,9,9432,0,9
Falls County,2018,1,5,14,32,56,16,130,15210,20,104
Falls County,2019,0,4,24,47,49,15,149,15069,28,111
Falls County,2020,0,2,38,40,42,11,138,15090,40,93
Fannin County,2015,0,7,28,151,215,15,420,31177,35,381
Fannin County,2016,0,6,31,88,219,28,379,30948,37,335
Fannin County,2017,0,22,52,149,205,8,441,31384,74,362
Fannin County,2018,0,19,30,137,191,18,398,31766,49,346
Fannin County,2019,2,18,42,84,262,41,451,32485,62,387
Fannin County,2020,0,15,50,57,200,25,351,32817,65,282
Fayette County,2015,0,5,50,101,204,16,379,24961,55,321
Fayette County,2016,1,8,47,91,184,13,352,25153,56,288
Fayette County,2017,2,11,54,65,208,19,364,25227,67,292
Fayette County,2018,1,6,48,75,201,11,348,25305,55,287
Fayette County,2019,0,18,36,71,185,14,325,25289,54,270
Fayette County,2020,0,16,36,63,165,37,319,25348,52,265
Fisher County,2015,0,0,19,39,36,2,97,3809,19,77
Fisher County,2016,0,0,13,19,29,5,66,3791,13,53
Fisher County,2017,0,0,1,4,2,0,7,3834,1,6
Fisher County,2019,0,0,0,9,5,0,14,3799,0,14
Fisher County,2020,0,0,11,3,4,2,20,3803,11,9
Floyd County,2015,0,2,10,29,67,8,117,5855,12,104
Floyd County,2016,1,5,21,35,60,6,128,5789,27,101
Floyd County,2017,0,4,32,36,45,7,125,5834,36,88
Floyd County,2018,0,8,29,21,45,6,112,5765,37,72
Floyd County,2019,0,2,26,16,41,3,89,5735,28,60
Floyd County,2020,0,1,11,21,38,5,77,5622,12,64
Foard County,2015,0,0,0,0,0,0,0,895,0,0
Foard County,2016,0,0,0,0,0,0,0,850,0,0
Foard County,2017,0,0,0,0,0,0,0,823,0,0
Foard County,2018,0,0,0,0,0,0,0,854,0,0
Foard County,2019,0,0,0,1,2,0,3,338,0,3
Foard County,2020,0,0,0,0,0,0,0,329,0,0
Fort Bend County,2015,14,147,873,1915,7842,507,11597,680418,1034,10264
Fort Bend County,2016,29,157,749,1998,6643,549,10438,702338,935,9190
Fort Bend County,2017,13,186,874,1332,6572,512,9816,728805,1073,8416
Fort Bend County,2018,14,209,929,1147,6618,458,9656,752245,1152,8223
Fort Bend County,2019,15,224,1007,1252,7186,569,10484,772362,1246,9007
Fort Bend County,2020,22,226,1039,1132,6606,684,9954,797951,1287,8422
Franklin County,2015,3,3,6,40,67,10,130,9919,12,117
Franklin County,2016,1,9,17,46,40,6,119,9923,27,92
Franklin County,2017,0,6,19,45,34,7,111,9894,25,86
Franklin County,2018,1,0,15,21,26,4,68,10055,16,51
Franklin County,2019,0,1,5,10,15,2,32,10020,6,27
Franklin County,2020,0,4,14,19,25,5,68,10007,18,49
Freestone County,2015,1,0,21,69,120,11,224,19794,22,200
Freestone County,2016,0,5,21,91,126,16,261,19610,26,233
Freestone County,2017,0,5,20,69,121,19,239,19573,25,209
Freestone County,2018,0,0,23,66,120,12,226,19545,23,198
Freestone County,2019,1,7,38,91,138,18,296,19684,46,247
Freestone County,2020,0,1,38,99,112,31,283,19641,39,242
Frio County,2015,0,1,27,151,224,19,430,18909,28,394
Frio County,2016,0,2,25,120,208,14,376,19062,27,342
Frio County,2017,0,0,32,132,272,30,467,19238,32,434
Frio County,2018,2,1,47,115,189,16,373,19904,50,320
Frio County,2019,0,0,24,94,123,25,267,20035,24,242
Frio County,2020,1,3,29,189,95,21,340,20606,33,305
Gaines County,2015,0,2,12,59,177,16,266,19961,14,252
Gaines County,2016,0,4,15,64,159,12,255,20527,19,235
Gaines County,2017,2,5,44,52,147,24,275,20987,51,223
Gaines County,2018,0,7,53,56,135,19,272,21058,60,210
Gaines County,2019,2,5,29,56,127,19,240,21224,36,202
Gaines County,2020,0,1,29,48,101,37,217,21902,30,186
Galveston County,2015,14,192,404,1521,6242,572,9177,333684,610,8335
Galveston County,2016,19,214,531,1617,6590,632,9844,340859,764,8839
Galveston County,2017,15,220,497,1513,6108,759,9319,349112,732,8380
Galveston County,2018,25,234,509,1250,5851,694,8788,354271,768,7795
Galveston County,2019,16,255,444,1016,5270,754,7955,347631,715,7040
Galveston County,2020,28,258,641,1088,5268,855,8316,360636,927,7211
Garza County,2015,0,2,2,30,38,4,76,6443,4,72
Garza County,2016,0,4,5,13,37,3,63,6386,9,53
Garza County,2017,0,2,11,14,44,3,74,6431,13,61
Garza County,2018,0,0,7,15,17,3,42,6520,7,35
Garza County,2019,0,5,10,17,11,2,45,6551,15,30
Garza County,2020,0,10,12,9,7,2,40,6184,22,18
Gillespie County,2015,2,1,5,29,188,15,240,25741,8,232
Gillespie County,2016,0,0,12,53,205,13,284,26108,12,271
Gillespie County,2017,0,0,11,35,177,3,229,26778,11,215
Gillespie County,2018,3,3,11,27,131,9,185,26832,17,167
Gillespie County,2019,1,3,20,17,163,6,211,26884,24,186
Gillespie County,2020,0,4,12,31,103,9,160,27141,16,143
Glasscock County,2015,0,0,0,5,4,1,11,1310,0,10
Glasscock County,2016,0,0,0,7,8,2,17,1329,0,17
Glasscock County,2017,0,0,4,16,9,2,31,1328,4,27
Glasscock County,2018,0,0,0,2,18,1,21,1362,0,21
Glasscock County,2019,0,0,1,5,16,5,27,1400,1,26
Glasscock County,2020,0,0,3,6,9,5,23,1425,3,20
Goliad County,2015,0,2,16,23,71,4,117,7651,18,98
Goliad County,2016,0,2,12,38,51,3,108,7571,14,92
Goliad County,2017,1,2,13,28,60,4,108,7559,16,92
Goliad County,2018,0,4,9,27,54,14,108,7591,13,95
Goliad County,2019,1,3,16,19,49,11,101,7583,20,79
Goliad County,2020,0,1,20,31,42,9,104,7683,21,82
Gonzales County,2015,1,12,101,97,266,14,492,19567,114,377
Gonzales County,2016,0,19,90,87,249,15,463,20679,109,351
Gonzales County,2017,0,15,66,74,169,21,348,21049,81,264
Gonzales County,2018,0,18,101,62,169,8,363,21005,119,239
Gonzales County,2019,1,18,92,57,217,22,408,20835,111,296
Gonzales County,2020,1,14,102,42,123,23,309,19752,117,188
Gray County,2015,0,2,99,188,796,53,1145,23242,101,1037
Gray County,2016,3,2,97,216,682,53,1068,23295,102,951
Gray County,2017,0,4,116,195,612,41,974,22748,120,848
Gray County,2018,1,15,95,189,516,58,883,22334,111,763
Gray County,2019,0,18,115,166,519,33,859,21690,133,718
Gray County,2020,0,15,67,109,413,39,647,21750,82,561
Grayson County,2015,8,72,261,610,1745,235,2991,123389,341,2590
Grayson County,2016,5,49,243,574,1632,211,2752,123929,297,2417
Grayson County,2017,6,64,239,606,1663,238,2868,125570,309,2507
Grayson County,2018,3,75,179,501,1443,193,2443,130122,257,2137
Grayson County,2019,5,70,223,492,1448,214,2492,132673,298,2154
Grayson County,2020,9,76,262,450,1342,253,2432,135314,347,2045
Gregg County,2015,19,74,375,1131,3960,424,6136,132004,468,5515
Gregg County,2016,15,82,404,1139,3631,358,5773,132332,501,5128
Gregg County,2017,9,88,352,894,2714,368,4541,132027,449,3976
Gregg County,2018,8,78,323,751,2413,318,3950,131281,409,3482
Gregg County,2019,9,95,337,638,2453,293,3902,131168,441,3384
Gregg County,2020,14,92,274,568,2398,314,3722,131770,380,3280
Grimes County,2015,0,9,76,150,286,27,553,27379,85,463
Grimes County,2016,5,5,60,146,277,38,541,27614,70,461
Grimes County,2017,5,7,36,107,180,22,366,27822,48,309
Grimes County,2018,0,5,34,108,139,43,332,28219,39,290
Grimes County,2019,0,12,21,124,164,40,365,28406,33,328
Grimes County,2020,0,17,52,108,172,57,417,29045,69,337
Guadalupe County,2015,4,70,120,550,1764,126,2655,140029,194,2440
Guadalupe County,2016,5,79,161,483,2039,169,2971,142459,245,2691
Guadalupe County,2017,6,98,164,456,1867,147,2779,146374,268,2470
Guadalupe County,2018,5,69,180,357,1663,119,2431,149399,254,2139
Guadalupe County,2019,3,74,160,320,1532,121,2241,152024,237,1973
Guadalupe County,2020,0,78,153,336,1353,163,2110,154998,231,1852
Hale County,2015,0,7,42,225,751,34,1066,33005,49,1010
Hale County,2016,0,9,65,190,684,44,998,32534,74,918
Hale County,2017,0,21,59,154,500,63,808,32586,80,717
Hale County,2018,0,7,78,140,437,23,691,32421,85,600
Hale County,2019,0,5,55,157,421,32,674,32021,60,610
Hale County,2020,1,10,38,121,323,38,536,31710,49,482
Hall County,2015,0,2,5,5,7,2,22,3245,7,14
Hall County,2016,0,0,9,15,16,0,42,3088,9,31
Hall County,2017,0,0,20,3,7,2,32,3101,20,12
Hall County,2018,0,0,8,25,15,7,55,2892,8,47
Hall County,2019,1,0,2,9,9,0,22,2841,3,18
Hall County,2020,0,0,0,3,5,1,9,2786,0,9
Hamilton County,2015,0,0,8,42,80,8,139,6828,8,130
Hamilton County,2016,0,1,17,40,66,9,135,6754,18,115
Hamilton County,2017,0,2,18,16,67,5,108,6907,20,88
Hamilton County,2018,0,1,5,14,56,11,87,7006,6,81
Hamilton County,2019,0,5,9,16,30,4,64,7043,14,50
Hamilton County,2020,0,1,5,6,46,1,60,7015,6,53
Hansford County,2015,0,1,2,6,14,4,27,5497,3,24
Hansford County,2016,0,0,8,0,11,0,19,5595,8,11
Hansford County,2017,0,0,2,6,9,2,19,5522,2,17
Hansford County,2018,0,1,8,12,3,5,29,5411,9,20
Hansford County,2019,0,1,4,7,6,6,24,5412,5,19
Hansford County,2020,0,1,9,5,10,4,29,5359,10,19
Hardeman County,2015,2,0,1,19,14,3,39,3217,3,36
Hardeman County,2016,0,0,2,15,24,5,46,3769,2,44
Hardeman County,2017,0,0,0,15,20,3,38,3862,0,38
Hardeman County,2018,0,0,0,2,4,0,6,3960,0,6
Hardeman County,2019,0,0,5,6,11,1,23,3870,5,18
Hardeman County,2020,0,0,2,8,17,0,27,3896,2,25
Hardin County,2015,2,17,78,175,540,63,881,55945,97,778
Hardin County,2016,3,14,66,186,478,84,832,55912,83,748
Hardin County,2017,0,5,76,158,430,69,746,56519,81,657
Hardin County,2018,3,15,60,167,401,97,755,57322,78,665
Hardin County,2019,3,7,75,129,336,79,636,57156,85,544
Hardin County,2020,2,15,50,128,310,110,621,57727,67,548
Harris County,2015,404,1681,16599,32350,108284,21777,195386,4564664,18684,162411
Harris County,2016,409,2011,18706,30221,112200,20484,197686,4646508,21126,162905
Harris County,2017,376,2186,20660,27348,108968,18496,191319,4702468,23222,154812
Harris County,2018,383,2294,21032,25594,105155,19563,185574,4753437,23709,150312
Harris County,2019,398,2618,20005,26073,113162,20849,195047,4776485,23021,160084
Harris County,2020,566,2571,26095,24197,109103,23768,197590,4799254,29232,157068
Harrison County,2015,2,19,155,326,752,81,1353,65939,176,1159
Harrison County,2016,3,24,137,419,787,74,1477,64783,164,1280
Harrison County,2017,0,36,154,504,939,142,1806,64634,190,1585
Harrison County,2018,6,14,160,292,864,105,1464,64649,180,1261
Harrison County,2019,6,4,152,352,837,112,1483,64461,162,1301
Harrison County,2020,5,9,179,251,615,113,1190,64448,193,979
Hartley County,2015,0,0,1,12,6,2,21,3334,1,20
Hartley County,2016,0,0,1,12,13,4,30,3368,1,29
Hartley County,2017,1,0,0,4,6,2,13,2885,1,12
Hartley County,2018,0,0,1,5,2,0,8,2912,1,7
Hartley County,2019,0,0,0,3,3,4,10,2867,0,10
Hartley County,2020,0,0,0,1,1,2,4,2905,0,4
Haskell County,2015,0,1,4,10,24,4,43,6360,5,38
Haskell County,2016,0,0,7,15,23,14,60,5660,7,52
Haskell County,2017,0,2,5,16,12,4,41,5611,7,32
Haskell County,2018,0,0,1,14,11,1,28,5679,1,26
Haskell County,2019,0,1,8,12,21,9,51,5734,9,42
Haskell County,2020,0,0,5,10,19,9,43,5581,5,38
Hays County,2015,7,75,314,593,2809,235,4097,192808,396,3637
Hays County,2016,5,94,286,695,2867,378,4417,202392,385,3940
Hays County,2017,7,104,273,568,2436,319,3790,213179,384,3323
Hays County,2018,4,139,315,523,2330,189,3569,223395,458,3042
Hays County,2019,9,141,250,476,2555,262,3751,230891,400,3293
Hays County,2020,10,169,315,510,2340,276,3679,239175,494,3126
Hemphill County,2015,0,1,17,12,56,8,94,4291,18,76
Hemphill County,2016,0,2,9,7,25,5,49,4351,11,37
Hemphill County,2017,0,0,0,2,10,1,13,4184,0,13
Hemphill County,2018,0,0,1,7,18,3,29,4048,1,28
Hemphill County,2019,0,3,2,1,12,0,18,3807,5,13
Hemphill County,2020,0,6,1,2,8,0,17,3810,7,10
Henderson County,2015,1,58,137,652,960,171,1997,79458,196,1783
Henderson County,2016,3,66,207,639,911,178,2018,79323,276,1728
Henderson County,2017,6,58,189,526,789,115,1703,79862,253,1430
Henderson County,2018,4,56,155,351,626,108,1320,78727,215,1085
Henderson County,2019,2,72,123,412,526,128,1277,79754,197,1066
Henderson County,2020,3,69,102,323,410,116,1035,79124,174,849
Hidalgo County,2015,32,348,1698,4232,19055,1112,26874,846417,2078,24399
Hidalgo County,2016,22,420,1638,3945,19088,1094,26651,847000,2080,24127
Hidalgo County,2017,38,412,1696,3233,17517,781,24038,855337,2146,21531
Hidalgo County,2018,12,467,1510,2791,16632,688,22443,864550,1989,20111
Hidalgo County,2019,21,447,1537,2524,15824,757,21446,863062,2005,19105
Hidalgo County,2020,38,432,1590,2059,12667,845,17902,859852,2060,15571
Hill County,2015,2,6,61,197,517,24,816,34855,69,738
Hill County,2016,0,8,39,190,409,21,682,34698,47,620
Hill County,2017,2,12,36,146,452,45,699,33664,50,643
Hill County,2018,1,19,51,136,467,48,729,34471,71,651
Hill County,2019,1,12,40,85,432,47,621,34877,53,564
Hill County,2020,1,13,33,110,335,41,537,35291,47,486
Hockley County,2015,1,21,104,176,446,18,775,23818,126,640
Hockley County,2016,0,26,80,183,419,24,737,23480,106,626
Hockley County,2017,1,19,109,144,399,38,713,23322,129,581
Hockley County,2018,1,26,101,167,345,38,682,23058,128,550
Hockley County,2019,2,28,121,142,320,30,653,22852,151,492
Hockley County,2020,2,19,114,159,276,61,638,22961,135,496
Hood County,2015,2,11,74,213,721,42,1067,53918,87,976
Hood County,2016,0,14,77,168,647,42,957,55264,91,857
Hood County,2017,1,24,90,152,684,51,1006,56861,115,887
Hood County,2018,2,23,63,136,698,52,982,58236,88,886
Hood County,2019,2,15,57,133,593,73,881,60425,74,799
Hood County,2020,3,17,68,110,687,49,935,61659,88,846
Hopkins County,2015,2,15,44,102,268,34,473,36179,61,404
Hopkins County,2016,0,9,37,71,241,28,392,36323,46,340
Hopkins County,2017,2,10,48,51,173,24,313,36565,60,248
Hopkins County,2018,4,14,26,59,131,37,280,36582,44,227
Hopkins County,2019,1,15,37,36,144,49,289,36783,53,229
Hopkins County,2020,5,17,40,37,152,56,314,37172,62,245
Houston County,2015,1,2,57,89,224,30,408,22558,60,343
Houston County,2016,1,1,52,132,259,22,467,22541,54,413
Houston County,2017,0,0,47,107,207,19,385,22578,47,333
Houston County,2018,0,2,41,73,197,17,331,22864,43,287
Houston County,2019,1,2,35,72,158,12,280,22962,38,242
Houston County,2020,0,2,28,69,169,13,284,22813,30,251
Howard County,2015,2,13,219,352,1103,102,1824,37151,234,1557
Howard County,2016,3,10,169,371,1179,93,1840,37551,182,1643
Howard County,2017,3,9,162,260,816,100,1373,36962,174,1176
Howard County,2018,3,14,175,205,685,110,1207,36095,192,1000
Howard County,2019,3,15,167,227,911,189,1534,36420,185,1327
Howard County,2020,2,11,147,188,702,143,1206,36732,160,1033
Hudspeth County,2015,0,0,1,11,15,0,27,3158,1,26
Hudspeth County,2016,0,0,4,0,11,1,16,3354,4,12
Hudspeth County,2017,0,0,1,0,1,1,3,4166,1,2
Hudspeth County,2018,0,0,3,20,4,8,35,4558,3,32
Hudspeth County,2019,0,0,8,3,9,2,22,4972,8,14
Hudspeth County,2020,0,1,1,5,6,4,17,5068,2,15
Hunt County,2015,0,40,162,543,1175,159,2124,86037,202,1877
Hunt County,2016,6,36,198,468,1112,168,2036,87029,240,1748
Hunt County,2017,7,59,209,420,962,154,1851,87721,275,1536
Hunt County,2018,3,55,300,255,828,113,1569,89224,358,1196
Hunt County,2019,7,40,399,308,978,168,1938,91540,446,1454
Hunt County,2020,2,45,360,187,786,188,1601,93688,407,1161
Hutchinson County,2015,0,30,69,212,412,43,776,19855,99,667
Hutchinson County,2016,0,18,39,204,347,45,657,19725,57,596
Hutchinson County,2017,2,32,29,180,374,46,666,19552,63,600
Hutchinson County,2018,0,16,31,98,409,47,605,19394,47,554
Hutchinson County,2019,0,18,32,103,253,25,435,19155,50,381
Hutchinson County,2020,0,11,35,125,268,42,482,20730,46,435
Irion County,2015,1,0,0,4,25,0,30,1568,1,29
Irion County,2016,0,0,1,9,20,0,30,1538,1,29
Irion County,2017,0,0,1,11,9,4,25,1546,1,24
Irion County,2018,0,1,3,7,20,3,34,1500,4,30
Irion County,2019,0,2,4,3,22,2,33,1502,6,27
Irion County,2020,0,0,1,1,8,4,14,1524,1,13
Jack County,2015,1,3,17,41,81,16,160,8834,21,138
Jack County,2016,0,6,17,37,72,15,147,8825,23,124
Jack County,2017,0,3,11,14,85,13,127,8691,14,112
Jack County,2018,1,1,10,22,58,24,116,8782,12,104
Jack County,2019,0,2,11,25,34,11,85,8768,13,70
Jack County,2020,0,3,13,19,48,9,92,8898,16,76
Jackson County,2015,0,5,21,50,154,6,239,14944,26,210
Jackson County,2016,0,6,26,53,141,9,238,14925,32,203
Jackson County,2017,1,5,8,46,117,13,194,14990,14,176
Jackson County,2018,0,8,11,49,99,11,180,14869,19,159
Jackson County,2019,1,4,9,29,92,13,150,14881,14,134
Jackson County,2020,0,5,22,57,110,21,220,14786,27,188
Jasper County,2015,0,33,91,186,595,38,948,35565,124,819
Jasper County,2016,0,28,88,266,422,44,858,35344,116,732
Jasper County,2017,1,35,90,225,391,45,798,33467,126,661
Jasper County,2018,2,21,67,165,445,56,762,35432,90,666
Jasper County,2019,3,18,84,241,469,78,895,35659,105,788
Jasper County,2020,2,18,83,184,364,96,751,33321,103,644
Jeff Davis County,2015,1,0,3,2,6,1,13,2174,4,9
Jeff Davis County,2016,0,1,1,8,0,0,10,2114,2,8
Jeff Davis County,2017,1,0,3,5,3,1,13,2175,4,9
Jeff Davis County,2018,1,1,3,1,4,1,11,2265,5,6
Jeff Davis County,2019,0,2,2,4,6,1,15,2227,4,11
Jeff Davis County,2020,0,0,2,4,5,2,13,2259,2,11
Jefferson County,2015,21,142,1074,2464,5870,465,10441,252206,1237,8799
Jefferson County,2016,20,144,1258,2321,5446,541,10245,253938,1422,8308
Jefferson County,2017,23,134,1275,2360,5635,699,10566,254794,1432,8694
Jefferson County,2018,27,151,1231,1718,4814,656,9075,256141,1409,7188
Jefferson County,2019,30,151,1196,1480,4578,591,8454,253726,1377,6649
Jefferson County,2020,35,153,1512,1508,4116,633,8367,250621,1700,6257
Jim Hogg County,2015,0,1,1,3,2,1,8,5257,2,6
Jim Hogg County,2016,0,0,2,4,5,0,11,5168,2,9
Jim Hogg County,2017,0,1,6,4,8,3,22,5118,7,15
Jim Hogg County,2018,0,0,4,4,9,0,18,5175,4,13
Jim Hogg County,2019,0,0,5,10,7,3,25,5210,5,20
Jim Hogg County,2020,0,2,10,18,12,4,46,5173,12,34
Jim Wells County,2015,4,18,179,422,940,49,1619,40654,201,1411
Jim Wells County,2016,0,27,178,549,1036,77,1876,40448,205,1662
Jim Wells County,2017,0,29,176,461,831,62,1565,40243,205,1354
Jim Wells County,2018,2,23,181,438,817,60,1526,38534,206,1315
Jim Wells County,2019,0,11,188,362,778,51,1401,38341,199,1191
Jim Wells County,2020,2,20,181,351,656,86,1307,38123,203,1093
Johnson County,2015,1,73,277,551,2094,171,3194,166918,351,2816
Johnson County,2016,2,67,261,555,1930,202,3051,169233,330,2687
Johnson County,2017,7,83,309,581,1868,251,3124,173283,399,2700
Johnson County,2018,5,93,340,376,1723,200,2772,177347,438,2299
Johnson County,2019,1,105,322,436,1502,238,2642,181033,428,2176
Johnson County,2020,4,86,360,352,1473,255,2563,186315,450,2080
Jones County,2015,0,4,17,76,137,23,258,14241,21,236
Jones County,2016,3,0,15,52,114,20,206,14217,18,186
Jones County,2017,2,4,35,70,97,15,226,14271,41,182
Jones County,2018,1,0,16,39,72,9,143,14250,17,120
Jones County,2019,0,2,9,46,79,8,145,14032,11,133
Jones County,2020,2,1,13,41,71,15,144,14308,16,127
Karnes County,2015,1,1,23,100,309,6,440,14949,25,415
Karnes County,2016,1,4,34,80,259,13,397,14954,39,352
Karnes County,2017,0,5,33,79,205,17,340,15306,38,301
Karnes County,2018,0,1,29,86,212,20,351,15189,30,318
Karnes County,2019,1,2,50,99,158,29,341,15650,53,286
Karnes County,2020,0,3,19,74,134,25,258,15629,22,233
Kaufman County,2015,2,48,150,549,1089,174,2045,113178,200,1812
Kaufman County,2016,2,52,190,453,1217,179,2130,116406,244,1849
Kaufman County,2017,3,55,181,448,1317,208,2260,120595,239,1973
Kaufman County,2018,6,72,150,320,1137,192,1906,125280,228,1649
Kaufman County,2019,4,53,144,413,1289,227,2162,131039,201,1929
Kaufman County,2020,5,55,149,343,1368,244,2200,139629,209,1955
Kendall County,2015,0,10,24,87,443,25,594,38550,34,555
Kendall County,2016,0,12,18,80,434,41,590,39764,30,555
Kendall County,2017,1,22,20,433,404,55,936,42011,43,892
Kendall County,2018,0,21,21,61,356,47,509,43365,42,464
Kendall County,2019,0,7,32,48,353,49,493,44724,39,450
Kendall County,2020,0,15,40,59,272,63,453,46604,55,394
Kenedy County,2015,0,1,0,2,1,1,5,397,1,4
Kenedy County,2016,0,3,3,3,2,2,13,404,6,7
Kenedy County,2017,0,0,3,0,3,0,6,402,3,3
Kenedy County,2018,0,0,2,1,2,2,7,416,2,5
Kenedy County,2019,0,0,0,2,3,3,8,442,0,8
Kenedy County,2020,0,0,2,0,3,7,12,402,2,10
Kent County,2015,0,0,2,3,12,0,20,781,2,15
Kent County,2016,0,0,3,5,5,0,13,754,3,10
Kent County,2017,0,0,0,1,3,0,4,762,0,4
Kent County,2018,0,1,1,0,8,1,11,755,2,9
Kent County,2019,0,0,4,2,3,0,9,711,4,5
Kent County,2020,0,0,0,4,4,0,8,754,0,8
Kerr County,2015,2,32,84,180,746,45,1095,50906,118,971
Kerr County,2016,8,28,81,180,715,46,1065,51069,117,941
Kerr County,2017,1,17,64,139,651,40,919,51765,82,830
Kerr County,2018,1,20,73,96,474,21,691,51882,94,591
Kerr County,2019,2,30,71,81,418,35,638,52432,103,534
Kerr County,2020,2,30,76,82,327,27,545,52759,108,436
Kimble County,2015,0,0,3,9,33,3,49,4413,3,45
Kimble County,2016,0,0,4,10,16,2,32,4336,4,28
Kimble County,2017,0,0,5,11,14,4,34,4391,5,29
Kimble County,2018,0,0,5,7,17,4,33,4371,5,28
Kimble County,2019,0,2,8,7,3,3,24,4306,10,13
Kimble County,2020,1,0,0,6,7,1,15,4294,1,14
King County,2015,0,0,0,3,1,0,4,257,0,4
King County,2016,0,0,0,0,0,0,0,280,0,0
King County,2017,0,0,0,0,0,0,0,290,0,0
King County,2018,0,0,0,0,0,0,0,296,0,0
Kinney County,2015,0,0,0,5,3,1,9,1882,0,9
Kinney County,2016,0,0,1,10,0,1,12,1880,1,11
Kinney County,2017,0,0,4,5,0,1,11,1913,4,6
Kinney County,2018,0,0,0,1,0,0,1,2008,0,1
Kinney County,2019,0,0,0,1,0,0,1,2007,0,1
Kinney County,2020,0,0,0,0,0,0,0,1977,0,0
Kleberg County,2015,1,2,118,237,754,38,1158,32284,121,1029
Kleberg County,2016,2,12,71,245,833,33,1206,31723,85,1111
Kleberg County,2017,1,14,124,244,774,36,1217,31597,139,1054
Kleberg County,2018,0,1,104,181,645,25,964,30869,105,851
Kleberg County,2019,3,31,101,209,612,28,998,30823,135,849
Kleberg County,2020,1,30,95,143,457,23,761,30429,126,623
Knox County,2015,0,1,9,42,28,3,83,5051,10,73
Knox County,2016,0,4,9,30,43,1,88,3876,13,74
Knox County,2017,0,2,6,17,16,2,43,3816,8,35
Knox County,2018,0,1,0,22,15,0,39,3698,1,37
Knox County,2019,0,2,1,24,14,5,46,3622,3,43
Knox County,2020,0,2,3,8,8,1,22,2390,5,17
La Salle County,2015,0,0,6,9,24,3,42,8233,6,36
La Salle County,2016,0,1,6,5,49,1,62,7763,7,55
La Salle County,2017,0,0,9,7,49,1,69,7731,9,57
La Salle County,2018,0,1,2,6,33,0,42,7664,3,39
La Salle County,2019,0,0,5,7,37,0,50,7565,5,44
La Salle County,2020,0,1,20,6,23,0,51,7565,21,29
Lamar County,2015,1,21,111,344,903,27,1431,49552,133,1274
Lamar County,2016,1,13,156,358,892,57,1508,49221,170,1307
Lamar County,2017,1,14,206,269,778,67,1367,49735,221,1114
Lamar County,2018,3,17,211,212,669,65,1202,49415,231,946
Lamar County,2019,1,41,228,222,608,70,1191,49404,270,900
Lamar County,2020,3,39,224,201,601,92,1176,49694,266,894
Lamb County,2015,0,11,38,100,177,20,350,12569,49,297
Lamb County,2016,0,5,48,68,139,25,287,12314,53,232
Lamb County,2017,0,9,39,51,104,18,222,12237,48,173
Lamb County,2018,0,10,35,51,135,15,248,13065,45,201
Lamb County,2019,0,9,30,72,134,17,266,12975,39,223
Lamb County,2020,2,3,34,91,140,22,293,12733,39,253
Lampasas County,2015,0,8,16,61,270,19,375,17743,24,350
Lampasas County,2016,0,8,17,84,378,12,499,18148,25,474
Lampasas County,2017,1,3,26,79,221,11,343,18344,30,311
Lampasas County,2018,0,9,23,55,197,5,290,19646,32,257
Lampasas County,2019,1,4,20,40,234,13,313,18657,25,287
Lampasas County,2020,0,4,31,71,229,21,356,20005,35,321
Lavaca County,2015,1,6,42,134,189,12,386,24187,49,335
Lavaca County,2016,0,4,25,107,136,8,286,22115,29,251
Lavaca County,2017,0,11,28,89,133,8,270,22095,39,230
Lavaca County,2018,1,13,31,50,101,10,206,22232,45,161
Lavaca County,2019,2,7,31,91,107,9,250,22191,40,207
Lavaca County,2020,0,4,25,92,103,11,236,22304,29,206
Lee County,2015,0,9,23,33,183,10,264,16814,32,226
Lee County,2016,0,6,26,42,189,10,281,16908,32,241
Lee County,2017,1,10,27,31,165,6,242,15918,38,202
Lee County,2018,1,12,21,24,123,12,195,16015,34,159
Lee County,2019,0,9,39,29,147,15,242,15906,48,191
Lee County,2020,1,13,23,35,121,19,214,16027,37,175
Leon County,2015,0,1,14,71,160,21,267,15824,15,252
Leon County,2016,0,2,26,87,129,15,259,15985,28,231
Leon County,2017,0,1,17,45,101,9,174,16230,18,155
Leon County,2018,1,0,19,47,100,15,182,16132,20,162
Leon County,2019,0,0,11,144,80,11,246,15395,11,235
Leon County,2020,0,2,4,51,86,7,151,15570,6,144
Liberty County,2015,7,46,241,398,1347,173,2239,78882,294,1918
Liberty County,2016,4,51,227,381,1140,178,2005,80209,282,1699
Liberty County,2017,0,17,96,95,531,62,823,25306,113,688
Liberty County,2018,2,53,192,333,927,175,1706,84637,247,1435
Liberty County,2019,2,54,159,382,1038,198,1849,87220,215,1618
Liberty County,2020,14,56,245,289,829,257,1708,89450,315,1375
Limestone County,2015,0,14,55,180,386,29,674,23586,69,595
Limestone County,2016,1,12,62,139,334,24,585,23220,75,497
Limestone County,2017,1,10,56,123,386,19,607,23442,67,528
Limestone County,2018,0,10,55,135,292,33,529,23466,65,460
Limestone County,2019,0,6,29,83,104,10,234,23373,35,197
Limestone County,2020,1,7,39,69,176,29,323,23349,47,274
Lipscomb County,2015,3,1,6,6,15,2,34,3632,10,23
Lipscomb County,2016,0,0,4,2,10,0,16,3618,4,12
Lipscomb County,2017,0,0,6,4,6,4,20,3519,6,14
Lipscomb County,2018,0,2,2,2,17,11,34,3383,4,30
Lipscomb County,2019,0,0,0,2,2,0,4,3344,0,4
Lipscomb County,2020,0,0,1,9,8,2,20,3217,1,19
Live Oak County,2015,0,2,26,71,124,18,242,15159,28,213
Live Oak County,2016,2,2,29,69,122,14,240,12333,33,205
Live Oak County,2017,0,2,28,78,69,14,193,12131,30,161
Live Oak County,2018,0,1,9,18,23,3,54,10274,10,44
Live Oak County,2019,0,1,3,1,9,2,17,4531,4,12
Live Oak County,2020,0,0,3,4,0,1,11,4535,3,5
Llano County,2015,0,2,12,85,152,7,258,16891,14,244
Llano County,2016,1,2,9,54,84,2,152,13696,12,140
Llano County,2017,0,2,6,53,81,7,150,14158,8,141
Llano County,2018,0,0,9,36,48,4,99,14804,9,88
Llano County,2019,1,3,26,41,98,16,185,18627,30,155
Llano County,2020,0,6,25,55,179,28,294,18771,31,262
Loving County,2015,0,0,0,2,5,0,7,88,0,7
Loving County,2016,0,0,0,0,10,1,11,121,0,11
Loving County,2017,0,0,0,0,1,0,1,121,0,1
Loving County,2018,0,0,0,0,17,0,17,145,0,17
Loving County,2019,0,0,1,3,16,3,23,164,1,22
Loving County,2020,0,0,2,1,15,1,19,183,2,17
Lubbock County,2015,17,218,1851,2935,9858,1029,16363,295523,2086,13822
Lubbock County,2016,7,198,2189,2934,9934,1145,16895,299889,2394,14013
Lubbock County,2017,14,183,2157,2664,9055,1384,15862,304082,2354,13103
Lubbock County,2018,14,269,1925,2475,8905,1250,15286,305394,2208,12630
Lubbock County,2019,13,292,1909,2560,8960,1313,15517,306337,2214,12833
Lubbock County,2020,32,260,2244,2541,7996,1263,14777,310348,2536,11800
Lynn County,2015,0,1,5,18,32,12,69,5872,6,62
Lynn County,2016,2,2,4,30,26,7,71,4987,8,63
Lynn County,2017,0,0,3,28,26,7,64,4990,3,61
Lynn County,2018,0,0,1,14,26,11,52,5130,1,51
Lynn County,2019,0,0,1,8,8,5,22,5951,1,21
Lynn County,2020,0,0,6,9,16,7,38,5216,6,32
Madison County,2015,0,10,24,76,187,22,325,13847,34,285
Madison County,2016,0,6,32,93,172,14,326,14012,38,279
Madison County,2017,0,2,49,86,119,5,263,13936,51,210
Madison County,2018,0,2,19,51,119,12,207,14174,21,182
Madison County,2019,0,1,22,40,34,21,122,14336,23,95
Madison County,2020,0,1,20,37,59,11,130,14214,21,107
Marion County,2015,0,1,52,92,123,11,281,10082,53,226
Marion County,2016,0,6,52,94,94,10,259,10064,58,198
Marion County,2017,4,6,65,75,89,22,264,10079,75,186
Marion County,2018,1,4,33,52,67,5,163,9977,38,124
Marion County,2019,0,0,17,40,37,10,109,9798,17,87
Marion County,2020,0,2,19,41,60,12,135,9753,21,113
Martin County,2015,0,0,12,22,72,6,113,5646,12,100
Martin County,2016,0,3,5,34,74,3,120,5806,8,111
Martin County,2017,1,1,2,4,42,9,59,5885,4,55
Martin County,2018,0,4,7,9,51,11,83,5739,11,71
Martin County,2019,0,2,6,13,63,10,95,5848,8,86
Martin County,2020,0,1,11,12,83,7,114,5870,12,102
Mason County,2015,0,2,2,9,18,3,34,4095,4,30
Mason County,2016,0,0,2,19,20,4,45,4024,2,43
Mason County,2017,0,0,6,2,11,2,21,4123,6,15
Mason County,2018,0,0,1,7,9,1,18,4242,1,17
Mason County,2019,0,1,7,4,5,1,18,4288,8,10
Mason County,2020,0,0,3,5,6,0,14,4290,3,11
Matagorda County,2015,1,14,70,327,813,17,1262,36548,85,1157
Matagorda County,2016,2,22,93,319,878,31,1363,36674,117,1228
Matagorda County,2017,3,16,124,271,726,27,1201,37230,143,1024
Matagorda County,2018,5,21,110,266,802,47,1273,36756,136,1115
Matagorda County,2019,0,40,116,250,839,53,1310,36303,156,1142
Matagorda County,2020,9,35,125,168,740,65,1158,36511,169,973
Maverick County,2015,1,2,97,319,1066,54,1543,57798,100,1439
Maverick County,2016,1,9,85,272,855,44,1276,58200,95,1171
Maverick County,2017,0,11,63,251,661,59,1054,58175,74,971
Maverick County,2018,1,4,55,162,530,21,786,58611,60,713
Maverick County,2019,1,4,39,270,705,73,1099,58640,44,1048
Maverick County,2020,4,2,77,246,572,78,986,59018,83,896
McCulloch County,2015,0,0,6,40,115,14,175,8212,6,169
McCulloch County,2016,1,0,3,22,100,6,132,8339,4,128
McCulloch County,2017,0,0,7,54,99,7,167,8154,7,160
McCulloch County,2018,0,0,4,18,64,10,97,7897,4,92
McCulloch County,2019,0,1,11,38,43,8,101,7907,12,89
McCulloch County,2020,0,4,14,44,36,15,114,7930,18,95
McLennan County,2015,23,149,698,1654,5697,280,8673,242452,870,7631
McLennan County,2016,6,207,682,1519,5299,294,8189,243511,895,7112
McLennan County,2017,5,203,742,1308,5306,303,8009,246326,950,6917
McLennan County,2018,3,210,714,1472,5036,490,8067,249344,927,6998
McLennan County,2019,14,161,749,1085,4969,553,7688,253474,924,6607
McLennan County,2020,15,155,861,1276,4986,592,8057,256173,1031,6854
McMullen County,2015,0,0,1,9,35,1,46,832,1,45
McMullen County,2016,0,0,1,12,14,0,27,841,1,26
McMullen County,2017,0,0,0,9,15,0,24,820,0,24
McMullen County,2018,0,0,1,5,12,1,19,787,1,18
McMullen County,2019,0,0,0,1,10,1,12,749,0,12
McMullen County,2020,0,0,0,4,5,0,9,744,0,9
Medina County,2015,2,23,68,171,664,43,982,48191,93,878
Medina County,2016,2,36,90,217,617,50,1016,46994,128,884
Medina County,2017,2,26,71,204,651,81,1039,47980,99,936
Medina County,2018,1,31,79,166,540,67,890,48678,111,773
Medina County,2019,2,23,122,139,445,101,840,49360,147,685
Medina County,2020,2,21,84,158,442,82,798,50179,107,682
Menard County,2015,0,0,0,0,6,0,6,2131,0,6
Menard County,2016,0,0,0,2,2,0,4,2144,0,4
Menard County,2017,0,0,1,3,2,0,6,2103,1,5
Menard County,2018,0,0,1,13,0,0,14,2103,1,13
Menard County,2019,0,0,2,1,0,0,4,2115,2,1
Menard County,2020,0,0,1,0,0,0,1,2121,1,0
Midland County,2015,9,46,374,838,3032,278,4652,159263,429,4148
Midland County,2016,3,25,359,730,3099,276,4591,163828,387,4105
Midland County,2017,2,37,328,527,2391,311,3660,165043,367,3229
Midland County,2018,9,63,381,464,2470,389,3843,166949,453,3323
Midland County,2019,4,37,283,236,1838,392,2813,174343,324,2466
Midland County,2020,13,89,511,507,2713,672,4558,179087,613,3892
Milam County,2015,1,1,43,144,362,18,576,24202,45,524
Milam County,2016,0,8,45,131,299,17,502,24409,53,447
Milam County,2017,2,5,50,109,256,15,440,24879,57,380
Milam County,2018,1,8,44,86,197,24,364,25040,53,307
Milam County,2019,2,5,32,65,194,34,334,25033,39,293
Milam County,2020,1,6,37,93,164,22,325,24757,44,279
Mills County,2015,0,0,0,12,27,1,40,4861,0,40
Mills County,2016,0,0,2,10,14,2,28,4875,2,26
Mills County,2017,0,0,2,12,8,2,24,4895,2,22
Mills County,2018,0,0,2,6,7,1,16,4901,2,14
Mills County,2019,0,1,14,12,9,0,36,4884,15,21
Mills County,2020,0,1,9,4,9,0,23,4846,10,13
Mitchell County,2015,1,0,8,53,42,6,110,9016,9,101
Mitchell County,2016,0,1,7,46,57,5,117,8973,8,108
Mitchell County,2017,0,2,8,62,117,8,197,8601,10,187
Mitchell County,2018,0,0,6,45,98,8,158,8319,6,151
Mitchell County,2019,0,0,12,45,96,14,169,7950,12,155
Mitchell County,2020,0,0,11,21,57,3,93,8427,11,81
Montague County,2015,0,5,26,101,258,27,420,18366,31,386
Montague County,2016,0,3,23,86,290,29,436,18112,26,405
Montague County,2017,0,4,54,115,210,26,412,18331,58,351
Montague County,2018,0,4,36,85,132,22,285,18448,40,239
Montague County,2019,0,7,54,107,131,9,311,18444,61,247
Montague County,2020,0,5,20,72,122,10,232,18733,25,204
Montgomery County,2015,7,252,717,1829,6018,788,9817,531732,976,8635
Montgomery County,2016,12,108,558,1509,5775,724,8886,547297,678,8008
Montgomery County,2017,22,155,528,1088,5030,740,7735,567199,705,6858
Montgomery County,2018,14,190,765,1368,5650,707,8891,580733,969,7725
Montgomery County,2019,14,147,811,1539,5733,779,9192,598274,972,8051
Montgomery County,2020,17,116,792,1109,5409,762,8361,616505,925,7280
Moore County,2015,1,13,51,117,320,17,520,22235,65,454
Moore County,2016,0,3,35,85,240,20,384,22241,38,345
Moore County,2017,1,8,37,73,252,37,410,22118,46,362
Moore County,2018,0,7,32,49,233,37,359,22048,39,319
Moore County,2019,2,11,34,62,223,50,384,21287,47,335
Moore County,2020,0,11,32,52,250,57,403,20755,43,359
Morris County,2015,3,6,32,74,152,21,291,12721,41,247
Morris County,2016,1,7,25,86,196,24,344,12395,33,306
Morris County,2017,2,3,41,63,127,10,248,12521,46,200
Morris County,2018,0,7,43,42,86,8,187,12363,50,136
Morris County,2019,0,4,22,37,103,12,183,12185,26,152
Morris County,2020,0,5,36,30,76,16,165,12283,41,122
Motley County,2015,0,0,1,1,15,1,18,1142,1,17
Motley County,2016,0,0,0,0,13,1,14,1133,0,14
Motley County,2017,0,1,2,7,5,2,17,1152,3,14
Motley County,2018,0,0,1,1,3,0,5,1231,1,4
Motley County,2019,0,1,0,1,2,0,4,1230,1,3
Motley County,2020,0,0,0,0,1,0,1,1196,0,1
Nacogdoches County,2015,1,30,111,291,928,50,1423,65612,142,1269
Nacogdoches County,2016,1,48,115,279,856,62,1390,65672,164,1197
Nacogdoches County,2017,2,35,97,237,957,44,1398,65930,134,1238
Nacogdoches County,2018,4,26,109,302,966,61,1498,65526,139,1329
Nacogdoches County,2019,4,26,119,249,832,97,1355,65428,149,1178
Nacogdoches County,2020,3,40,129,216,976,91,1471,65040,172,1283
Navarro County,2015,0,34,103,401,918,55,1546,46835,137,1374
Navarro County,2016,0,34,108,277,734,65,1254,46702,142,1076
Navarro County,2017,0,28,108,158,554,37,906,47029,136,749
Navarro County,2018,4,39,134,263,728,65,1248,47157,177,1056
Navarro County,2019,2,63,155,199,715,71,1225,49469,220,985
Navarro County,2020,2,32,143,252,648,76,1170,50198,177,976
Newton County,2015,0,0,20,21,27,6,74,14095,20,54
Newton County,2016,0,0,2,15,10,1,28,2390,2,26
Newton County,2017,0,0,12,42,43,12,109,13918,12,97
Newton County,2018,1,0,22,43,55,20,142,13844,23,118
Newton County,2019,0,4,23,64,59,13,164,13575,27,136
Newton County,2020,3,3,16,47,44,11,125,13458,22,102
Nolan County,2015,0,7,56,127,337,13,544,13769,63,477
Nolan County,2016,1,3,38,213,379,30,676,13712,42,622
Nolan County,2017,0,3,48,179,202,32,465,13621,51,413
Nolan County,2018,0,7,47,154,168,18,399,13375,54,340
Nolan County,2019,0,2,29,124,169,18,346,13321,31,311
Nolan County,2020,0,3,22,61,102,6,194,13327,25,169
Nueces County,2015,21,306,1684,2445,9424,565,14857,361083,2011,12434
Nueces County,2016,29,274,1882,2589,10072,719,16002,362634,2185,13380
Nueces County,2017,24,250,1783,2534,9591,783,15456,364584,2057,12908
Nueces County,2018,30,319,1925,2398,9775,984,15960,363284,2274,13157
Nueces County,2019,33,301,2129,2151,9178,946,15253,362810,2463,12275
Nueces County,2020,38,273,2173,2193,8393,933,14494,363576,2484,11519
Ochiltree County,2015,0,4,20,26,78,13,141,10934,24,117
Ochiltree County,2016,0,1,47,33,70,8,159,10834,48,111
Ochiltree County,2017,0,0,41,39,86,17,183,10319,41,142
Ochiltree County,2018,0,6,27,60,124,9,226,10033,33,193
Ochiltree County,2019,0,2,9,31,86,9,137,9860,11,126
Ochiltree County,2020,0,4,19,17,82,10,132,9768,23,109
Oldham County,2015,0,0,1,6,12,3,23,2080,1,21
Oldham County,2016,0,0,3,5,3,0,11,2067,3,8
Oldham County,2017,0,0,2,7,14,2,25,2078,2,23
Oldham County,2018,0,0,2,2,3,1,8,2117,2,6
Oldham County,2019,0,0,0,4,2,0,6,2128,0,6
Oldham County,2020,0,0,2,5,7,3,17,2112,2,15
Orange County,2015,5,17,252,527,1152,152,2186,83455,274,1831
Orange County,2016,4,11,215,509,1180,209,2185,83938,230,1898
Orange County,2017,4,14,213,396,896,182,1766,84843,231,1474
Orange County,2018,2,44,155,396,820,172,1618,84711,201,1388
Orange County,2019,1,29,162,369,820,162,1570,82765,192,1351
Orange County,2020,2,23,173,363,691,177,1458,82779,198,1231
Palo Pinto County,2015,0,10,25,144,470,39,695,28819,35,653
Palo Pinto County,2016,0,1,53,193,492,59,802,27909,54,744
Palo Pinto County,2017,0,1,10,74,72,9,166,28162,11,155
Palo Pinto County,2018,0,5,39,153,298,46,551,28717,44,497
Palo Pinto County,2019,1,12,22,176,318,43,576,28960,35,537
Palo Pinto County,2020,1,13,42,197,385,64,707,29378,56,646
Panola County,2015,2,4,61,128,452,29,683,23553,67,609
Panola County,2016,0,3,42,133,427,46,657,23430,45,606
Panola County,2017,2,3,61,107,383,42,603,23159,66,532
Panola County,2018,2,16,49,123,336,18,549,22846,67,477
Panola County,2019,3,13,52,99,321,34,527,22672,68,454
Panola County,2020,0,10,56,91,317,24,500,22784,66,432
Parker County,2015,1,45,120,421,1035,89,1726,120339,166,1545
Parker County,2016,1,41,117,370,1104,99,1745,125461,159,1573
Parker County,2017,4,45,102,409,1211,96,1879,129303,151,1716
Parker County,2018,2,58,163,324,1157,128,1850,133333,223,1609
Parker County,2019,3,49,116,272,1015,147,1616,137932,168,1434
Parker County,2020,3,55,159,265,1128,162,1790,143060,217,1555
Parmer County,2015,1,1,4,25,54,10,95,9837,6,89
Parmer County,2016,0,2,6,35,49,7,99,9619,8,91
Parmer County,2017,0,4,16,33,35,6,94,9686,20,74
Parmer County,2018,0,2,11,16,26,9,66,9756,13,51
Parmer County,2019,0,1,7,17,27,10,63,9753,8,54
Parmer County,2020,0,1,12,14,35,7,69,9502,13,56
Pecos County,2015,1,9,35,90,289,21,452,16019,45,400
Pecos County,2016,1,6,45,88,182,11,335,16294,52,281
Pecos County,2017,1,7,33,54,164,11,273,16028,41,229
Pecos County,2018,1,3,59,67,119,13,264,15607,63,199
Pecos County,2019,0,3,24,41,103,26,198,15594,27,170
Pecos County,2020,0,1,15,39,151,20,227,15803,16,210
Polk County,2015,2,31,96,227,508,66,938,46340,129,801
Polk County,2016,1,40,63,269,545,83,1013,47138,104,897
Polk County,2017,5,42,72,226,548,66,964,48284,119,840
Polk County,2018,1,22,84,232,534,65,950,49580,107,831
Polk County,2019,6,43,55,260,667,133,1173,50320,104,1060
Polk County,2020,6,27,70,192,576,93,979,51880,103,861
Potter County,2015,10,217,865,1886,6845,807,10902,214323,1092,9538
Potter County,2016,15,175,1025,1874,6976,965,11297,215306,1215,9815
Potter County,2017,16,196,1122,1737,6306,1012,10626,216139,1334,9055
Potter County,2018,12,210,1138,1581,6169,937,10352,216266,1360,8687
Potter County,2019,16,172,1054,1488,5577,1019,9578,215737,1242,8084
Potter County,2020,15,145,1302,1448,5050,1118,9319,214953,1462,7616
Presidio County,2015,0,2,8,9,24,11,54,6783,10,44
Presidio County,2016,0,0,4,17,20,7,48,6672,4,44
Presidio County,2017,0,1,2,6,13,1,23,6810,3,20
Presidio County,2018,0,0,6,1,3,1,11,4732,6,5
Presidio County,2019,0,2,4,2,6,0,14,6798,6,8
Presidio County,2020,0,0,12,0,3,3,18,2728,12,6
Rains County,2015,0,5,6,29,55,10,105,11082,11,94
Rains County,2016,0,0,14,34,70,13,131,11175,14,117
Rains County,2017,0,3,16,35,46,13,113,11368,19,94
Rains County,2018,0,1,17,28,63,11,120,11857,18,102
Rains County,2019,0,0,10,22,31,7,70,12246,10,60
Rains County,2020,0,5,14,14,37,5,75,12662,19,56
Randall County,2015,1,23,42,97,340,27,537,37892,66,464
Randall County,2016,0,23,45,121,362,66,619,37922,68,549
Randall County,2017,1,32,60,81,285,63,526,38750,93,429
Randall County,2018,0,26,35,87,282,28,465,39723,61,397
Randall County,2019,0,30,41,132,265,41,515,40294,71,438
Randall County,2020,3,25,36,106,295,38,511,40769,64,439
Reagan County,2015,0,0,9,37,66,6,118,3872,9,109
Reagan County,2016,0,0,4,12,53,2,71,3876,4,67
Reagan County,2017,0,0,6,10,45,3,64,3650,6,58
Reagan County,2018,0,0,8,12,41,6,67,3754,8,59
Reagan County,2019,0,0,7,11,18,3,39,3769,7,32
Reagan County,2020,0,0,8,5,12,7,32,3896,8,24
Real County,2015,0,0,5,19,16,0,40,3390,5,35
Real County,2016,0,0,6,17,20,2,45,3295,6,39
Real County,2017,0,0,2,13,35,2,52,3397,2,50
Real County,2018,0,0,6,18,26,3,53,3435,6,47
Real County,2019,0,0,3,15,39,5,62,3477,3,59
Real County,2020,0,2,4,20,24,5,55,3455,6,49
Red River County,2015,1,1,35,73,107,13,231,12374,37,193
Red River County,2016,0,2,9,46,66,2,125,12340,11,114
Red River County,2017,0,4,18,67,74,8,172,12090,22,149
Red River County,2018,0,4,19,41,37,4,105,8937,23,82
Red River County,2019,0,2,27,45,49,12,137,12014,29,106
Red River County,2020,1,4,28,48,51,13,146,11891,33,112
Reeves County,2015,2,8,62,41,195,15,326,14519,72,251
Reeves County,2016,2,7,52,46,246,6,361,14879,61,298
Reeves County,2017,0,7,107,32,219,2,372,15098,114,253
Reeves County,2018,0,17,105,26,240,5,399,15457,122,271
Reeves County,2019,3,6,89,48,192,56,397,15845,98,296
Reeves County,2020,1,4,57,50,144,49,306,16181,62,243
Refugio County,2015,0,0,5,19,43,3,70,7304,5,65
Refugio County,2016,0,1,29,14,42,10,97,7253,30,66
Refugio County,2017,0,1,7,7,18,0,33,7307,8,25
Refugio County,2018,0,0,11,15,39,6,71,7183,11,60
Refugio County,2019,0,2,7,36,34,7,86,6947,9,77
Refugio County,2020,0,0,4,14,28,8,56,6878,4,50
Roberts County,2015,0,0,4,4,9,1,18,931,4,14
Roberts County,2016,0,0,0,1,6,1,8,911,0,8
Roberts County,2017,0,0,1,4,2,0,7,914,1,6
Roberts County,2018,0,0,0,0,7,0,7,937,0,7
Roberts County,2019,0,0,0,1,1,0,2,895,0,2
Roberts County,2020,0,0,0,0,1,0,1,844,0,1
Robertson County,2015,1,4,18,85,146,15,277,16515,23,246
Robertson County,2016,0,10,22,71,120,8,238,16628,32,199
Robertson County,2017,2,9,35,107,166,12,333,15818,46,285
Robertson County,2018,1,8,27,75,142,24,285,17250,36,241
Robertson County,2019,1,1,25,95,170,34,329,17269,27,299
Robertson County,2020,1,4,31,113,108,25,290,17075,36,246
Rockwall County,2015,0,16,51,134,807,55,1075,83560,67,996
Rockwall County,2016,1,21,48,113,821,99,1114,86209,70,1033
Rockwall County,2017,2,35,64,128,916,81,1233,89443,101,1125
Rockwall County,2018,1,36,58,96,917,114,1231,92379,95,1127
Rockwall County,2019,2,37,58,125,888,116,1236,95741,97,1129
Rockwall County,2020,0,32,66,111,1024,103,1359,100630,98,1238
Runnels County,2015,1,3,19,25,113,16,177,10417,23,154
Runnels County,2016,0,2,19,89,125,10,246,10530,21,224
Runnels County,2017,0,2,37,34,57,5,135,10428,39,96
Runnels County,2018,0,0,26,48,62,3,140,10203,26,113
Runnels County,2019,0,1,16,39,38,3,99,10136,17,80
Runnels County,2020,1,4,24,75,53,8,167,10203,29,136
Rusk County,2015,1,22,176,304,799,67,1373,50917,199,1170
Rusk County,2016,4,20,197,303,828,91,1454,49657,221,1222
Rusk County,2017,1,21,172,258,684,58,1203,49423,194,1000
Rusk County,2018,0,15,141,293,731,81,1274,49509,156,1105
Rusk County,2019,5,18,86,231,695,86,1126,51119,109,1012
Rusk County,2020,1,23,115,236,753,122,1260,51251,139,1111
Sabine County,2015,0,4,27,64,67,14,176,9442,31,145
Sabine County,2016,0,4,25,65,85,16,195,9437,29,166
Sabine County,2017,0,4,32,37,82,14,171,9401,36,133
Sabine County,2018,0,5,32,63,63,17,180,9570,37,143
Sabine County,2019,0,5,8,42,25,10,90,10489,13,77
Sabine County,2020,3,2,14,30,23,12,86,9228,19,65
San Augustine County,2015,0,0,11,13,18,0,43,8571,11,31
San Augustine County,2016,1,5,32,45,37,9,130,8376,38,91
San Augustine County,2017,1,4,26,27,20,16,94,8227,31,63
San Augustine County,2018,0,3,17,26,25,7,79,8147,20,58
San Augustine County,2019,0,1,12,34,16,7,70,8107,13,57
San Augustine County,2020,0,2,11,27,19,9,68,8143,13,55
San Jacinto County,2015,0,29,37,195,198,73,535,27326,66,466
San Jacinto County,2016,1,13,29,144,170,48,409,27530,43,362
San Jacinto County,2017,0,27,26,195,198,73,522,27895,53,466
San Jacinto County,2018,0,16,24,144,168,48,402,28457,40,360
San Jacinto County,2019,0,26,17,115,173,42,374,28832,43,330
San Jacinto County,2020,0,31,6,325,318,68,749,29039,37,711
San Patricio County,2015,0,10,124,287,993,64,1490,54885,134,1344
San Patricio County,2016,3,9,155,289,960,66,1487,59441,167,1315
San Patricio County,2017,5,20,162,315,992,80,1597,59990,187,1387
San Patricio County,2018,4,26,146,265,855,75,1381,59969,176,1195
San Patricio County,2019,2,29,113,218,703,92,1172,58891,144,1013
San Patricio County,2020,2,23,134,178,645,80,1076,58648,159,903
San Saba County,2015,0,2,4,24,11,1,42,5512,6,36
San Saba County,2016,0,1,3,12,12,5,33,5840,4,29
San Saba County,2017,0,0,6,16,19,5,46,5909,6,40
San Saba County,2018,0,1,15,42,36,5,99,5919,16,83
San Saba County,2019,0,2,11,30,39,7,89,6006,13,76
San Saba County,2020,4,1,17,13,39,10,85,6026,22,62
Schleicher County,2015,0,0,4,13,17,2,36,3091,4,32
Schleicher County,2016,0,0,0,13,40,1,54,3148,0,54
Schleicher County,2017,0,1,1,8,22,1,33,2986,2,31
Schleicher County,2018,0,0,0,3,21,3,27,2928,0,27
Schleicher County,2019,0,0,4,6,6,1,17,2809,4,13
Schleicher County,2020,0,0,2,14,4,0,20,2715,2,18
Scurry County,2015,0,12,46,110,282,10,463,17461,58,402
Scurry County,2016,0,3,16,104,261,7,392,17701,19,372
Scurry County,2017,0,3,33,65,182,6,289,17382,36,253
Scurry County,2018,0,5,34,65,155,5,266,17020,39,225
Scurry County,2019,0,9,155,88,161,19,434,16753,164,268
Scurry County,2020,1,5,85,69,124,13,298,16622,91,206
Shackelford County,2015,0,0,0,10,12,7,32,3344,0,29
Shackelford County,2016,0,1,1,9,18,5,34,3337,2,32
Shackelford County,2017,0,0,3,4,8,2,17,3303,3,14
Shackelford County,2018,0,0,0,3,4,2,9,3311,0,9
Shackelford County,2019,0,0,5,1,2,0,8,3217,5,3
Shackelford County,2020,0,0,4,3,8,0,15,3241,4,11
Shelby County,2015,2,11,69,123,333,32,576,24439,82,488
Shelby County,2016,1,10,45,115,302,16,492,24173,56,433
Shelby County,2017,4,9,73,92,271,22,475,24419,86,385
Shelby County,2018,1,6,31,102,205,7,353,24309,38,314
Shelby County,2019,2,10,59,111,223,45,454,24119,71,379
Shelby County,2020,1,9,45,147,193,24,420,24037,55,364
Sherman County,2015,0,2,2,11,8,6,29,3105,4,25
Sherman County,2016,0,0,5,2,5,1,14,3072,5,8
Sherman County,2017,0,0,0,1,2,3,6,3072,0,6
Sherman County,2018,0,1,0,4,0,0,5,978,1,4
Sherman County,2019,0,0,0,3,5,0,8,3067,0,8
Sherman County,2020,0,1,0,1,4,1,7,3012,1,6
Smith County,2015,11,62,471,1348,4650,454,7100,219450,544,6452
Smith County,2016,7,84,489,1465,4604,431,7230,224775,580,6500
Smith County,2017,9,118,593,1155,4090,390,6440,227553,720,5635
Smith County,2018,17,149,510,884,3667,365,5689,229600,676,4916
Smith County,2019,7,138,551,922,3660,428,5788,231299,696,5010
Smith County,2020,18,106,652,990,3637,456,5953,234512,776,5083
Somervell County,2015,1,0,13,40,30,6,91,8760,14,76
Somervell County,2016,0,0,12,33,32,5,83,8762,12,70
Somervell County,2017,0,0,7,23,50,1,81,8813,7,74
Somervell County,2018,1,1,2,6,28,1,40,8871,4,35
Somervell County,2019,0,0,4,11,16,3,34,9026,4,30
Somervell County,2020,0,10,4,34,36,0,85,9170,14,70
Starr County,2015,3,12,143,198,524,74,962,63545,158,796
Starr County,2016,4,23,123,171,467,99,900,64142,150,737
Starr County,2017,1,27,113,192,380,97,822,64560,141,669
Starr County,2018,0,15,132,109,331,47,641,64758,147,487
Starr County,2019,1,17,121,162,399,77,784,64552,139,638
Starr County,2020,3,8,114,168,430,84,815,64812,125,682
Stephens County,2015,0,2,10,36,102,5,156,9379,12,143
Stephens County,2016,0,11,8,45,110,6,180,9380,19,161
Stephens County,2017,0,3,16,33,86,8,146,9948,19,127
Stephens County,2018,2,4,8,55,117,7,194,9272,14,179
Stephens County,2019,0,1,12,29,84,12,139,9352,13,125
Stephens County,2020,0,2,18,36,106,17,181,9307,20,159
Sterling County,2015,0,0,3,1,0,0,4,1398,3,1
Sterling County,2016,0,0,0,0,0,1,1,1396,0,1
Sterling County,2017,0,0,0,0,0,0,0,1409,0,0
Sterling County,2018,0,0,1,1,3,0,5,1316,1,4
Sterling County,2019,0,0,1,3,8,2,15,1327,1,13
Sterling County,2020,0,0,4,5,8,3,20,1306,4,16
Stonewall County,2015,0,0,3,1,3,0,7,1384,3,4
Stonewall County,2016,0,0,2,4,0,1,7,1390,2,5
Stonewall County,2017,0,0,0,3,5,0,8,1414,0,8
Stonewall County,2018,0,0,4,1,2,0,7,1369,4,3
Stonewall County,2019,0,0,1,0,0,0,1,1338,1,0
Stonewall County,2020,0,0,2,0,0,0,2,1330,2,0
Sutton County,2015,0,1,6,6,23,2,38,3960,7,31
Sutton County,2016,0,2,0,15,29,0,46,3873,2,44
Sutton County,2017,0,4,1,10,29,2,46,3835,5,41
Sutton County,2018,0,2,4,1,24,2,34,3717,6,27
Sutton County,2019,0,1,0,3,7,5,16,3699,1,15
Sutton County,2020,0,1,5,11,6,3,26,3733,6,20
Swisher County,2015,0,4,48,37,60,7,157,6931,52,104
Swisher County,2016,0,9,38,29,88,2,169,6854,47,119
Swisher County,2017,0,2,17,22,92,8,144,6809,19,122
Swisher County,2018,0,3,31,38,94,10,179,7507,34,142
Swisher County,2019,0,4,25,40,115,8,199,6766,29,163
Swisher County,2020,0,3,42,19,105,9,180,6723,45,133
Tarrant County,2015,73,1033,4710,10871,44756,4196,67436,1929893,5816,59823
Tarrant County,2016,112,1140,4697,9892,41614,4538,64082,1957085,5949,56044
Tarrant County,2017,104,1157,4867,9380,41988,5250,64986,1992934,6128,56618
Tarrant County,2018,72,1104,4757,7868,38897,5543,60048,2027460,5933,52308
Tarrant County,2019,103,1102,4691,6994,37772,5959,58319,2050205,5896,50725
Tarrant County,2020,162,1071,6077,6295,37520,6494,59157,2071940,7310,50309
Taylor County,2015,7,90,433,1301,4006,409,6375,141963,530,5716
Taylor County,2016,8,78,365,1006,3317,261,5169,142175,451,4584
Taylor County,2017,5,118,432,1016,2798,272,4780,142900,555,4086
Taylor County,2018,8,147,416,805,2724,241,4446,142229,571,3770
Taylor County,2019,6,112,348,654,2462,217,3870,143159,466,3333
Taylor County,2020,4,150,371,496,2148,216,3448,143993,525,2860
Terrell County,2015,0,0,0,6,4,0,10,910,0,10
Terrell County,2016,2,0,0,3,8,1,14,805,2,12
Terrell County,2017,0,0,2,2,6,3,13,782,2,11
Terrell County,2018,0,0,0,0,0,0,0,783,0,0
Terry County,2015,1,9,37,82,187,12,330,12786,47,281
Terry County,2016,1,3,26,76,142,12,262,12716,30,230
Terry County,2017,0,1,23,39,116,17,200,12808,24,172
Terry County,2018,1,5,37,54,110,16,225,12684,43,180
Terry County,2019,0,6,20,41,89,21,177,12162,26,151
Terry County,2020,0,4,27,53,65,94,244,12258,31,212
Throckmorton County,2015,0,0,0,5,1,0,7,1606,0,6
Throckmorton County,2016,0,0,0,0,0,0,0,1564,0,0
Throckmorton County,2017,0,0,2,5,0,1,8,1515,2,6
Throckmorton County,2018,0,1,3,5,0,0,9,1508,4,5
Throckmorton County,2019,0,0,2,2,4,2,12,1491,2,8
Throckmorton County,2020,0,0,3,3,3,0,9,1481,3,6
Titus County,2015,0,16,83,169,583,23,891,32602,99,775
Titus County,2016,1,27,76,204,535,25,882,32571,104,764
Titus County,2017,3,35,90,158,579,26,899,32591,128,763
Titus County,2018,2,22,81,130,559,42,847,32882,105,731
Titus County,2019,2,29,95,128,457,43,768,32903,126,628
Titus County,2020,0,24,96,119,354,58,664,32675,120,531
Tom Green County,2015,2,96,263,806,3054,260,4507,118398,361,4120
Tom Green County,2016,6,90,260,1084,4109,312,5920,119295,356,5505
Tom Green County,2017,4,101,167,966,3625,302,5206,119598,272,4893
Tom Green County,2018,3,97,246,703,2792,264,4156,118773,346,3759
Tom Green County,2019,7,107,284,610,2632,258,3931,118416,398,3500
Tom Green County,2020,8,97,264,537,2361,346,3654,119778,369,3244
Travis County,2015,27,600,2654,6153,32555,2614,45635,1241359,3281,41322
Travis County,2016,53,851,2830,6398,30743,2457,44488,1261654,3734,39598
Travis County,2017,39,1010,2833,5457,29279,2410,42111,1286603,3882,37146
Travis County,2018,38,956,2718,5504,30780,2913,44005,1294044,3712,39197
Travis County,2019,37,753,3219,5332,33850,3553,47873,1313366,4009,42735
Travis County,2020,56,665,3813,5817,31680,4733,47970,1343839,4534,42230
Trinity County,2015,1,1,16,22,46,7,95,11441,18,75
Trinity County,2016,0,4,16,66,95,9,190,11555,20,170
Trinity County,2017,0,3,19,52,108,24,207,14384,22,184
Trinity County,2018,0,2,16,52,92,23,185,11860,18,167
Trinity County,2019,0,1,4,28,35,10,79,11881,5,73
Trinity County,2020,1,2,7,19,36,9,76,11841,10,64
Tyler County,2015,0,20,49,116,104,23,312,21379,69,243
Tyler County,2016,2,15,55,128,97,24,327,21202,72,249
Tyler County,2017,2,8,79,168,118,40,417,21228,89,326
Tyler County,2018,1,10,55,150,81,33,335,21447,66,264
Tyler County,2019,5,6,57,122,96,39,326,21552,68,257
Tyler County,2020,0,3,30,80,80,25,223,21588,33,185
Upshur County,2015,2,20,94,216,432,30,796,36982,116,678
Upshur County,2016,0,6,79,197,306,55,648,36993,85,558
Upshur County,2017,3,7,135,197,238,37,625,36607,145,472
Upshur County,2018,4,10,95,148,193,30,486,36833,109,371
Upshur County,2019,0,10,55,108,206,29,416,37915,65,343
Upshur County,2020,3,18,62,134,303,48,575,38510,83,485
Upton County,2015,0,1,3,2,6,1,14,3490,4,9
Upton County,2016,0,2,3,4,11,0,20,3706,5,15
Upton County,2017,0,1,7,2,18,0,28,3728,8,20
Upton County,2018,0,0,1,0,16,2,19,3703,1,18
Upton County,2019,0,0,2,3,25,3,33,3693,2,31
Upton County,2020,0,0,4,3,10,3,20,3682,4,16
Uvalde County,2015,0,15,50,181,718,26,996,27346,65,925
Uvalde County,2016,3,9,41,124,639,17,840,27327,53,780
Uvalde County,2017,1,4,31,108,596,14,765,27399,36,718
Uvalde County,2018,1,11,37,144,544,25,769,27156,49,713
Uvalde County,2019,2,10,53,106,588,23,786,26728,65,717
Uvalde County,2020,0,8,79,103,557,39,792,26684,87,699
Val Verde County,2015,1,2,75,195,880,33,1196,49073,78,1108
Val Verde County,2016,1,6,50,240,761,31,1102,48838,57,1032
Val Verde County,2017,1,12,37,181,594,21,857,48809,50,796
Val Verde County,2018,1,14,31,199,622,23,893,49099,46,844
Val Verde County,2019,2,13,42,153,497,47,764,48927,57,697
Val Verde County,2020,1,27,57,184,436,50,770,48864,85,670
Van Zandt County,2015,0,3,25,216,425,12,683,51647,28,653
Van Zandt County,2016,1,9,15,194,352,21,594,53576,25,567
Van Zandt County,2017,0,8,25,197,303,21,556,53114,33,521
Van Zandt County,2018,0,9,16,107,207,37,379,53916,25,351
Van Zandt County,2019,2,11,37,120,282,59,513,54595,50,461
Van Zandt County,2020,2,16,85,85,183,50,426,55326,103,318
Victoria County,2015,3,75,291,593,2014,138,3168,92373,369,2745
Victoria County,2016,5,70,225,678,2010,131,3185,93252,300,2819
Victoria County,2017,5,82,171,898,1971,153,3335,93339,258,3022
Victoria County,2018,9,84,256,497,1786,132,2815,92593,349,2415
Victoria County,2019,6,90,298,509,1713,169,2840,92120,394,2391
Victoria County,2020,6,56,315,450,1524,157,2561,92367,377,2131
Walker County,2015,3,51,172,286,809,82,1439,70341,226,1177
Walker County,2016,1,48,182,240,690,96,1289,70997,231,1026
Walker County,2017,4,48,152,193,575,118,1121,71970,204,886
Walker County,2018,1,39,145,181,631,71,1087,72631,185,883
Walker County,2019,0,34,189,176,640,94,1159,72570,223,910
Walker County,2020,1,32,163,154,612,94,1080,73266,196,860
Waller County,2015,4,26,169,180,498,49,956,46933,199,727
Waller County,2016,1,35,110,241,412,48,865,48644,146,701
Waller County,2017,2,33,108,210,404,53,826,50195,143,667
Waller County,2018,1,54,129,175,566,41,987,51297,184,782
Waller County,2019,3,40,91,154,469,72,852,52852,134,695
Waller County,2020,3,44,94,179,409,60,823,54943,141,648
Ward County,2015,1,5,49,143,258,40,502,11920,55,441
Ward County,2016,0,11,60,86,172,26,357,11924,71,284
Ward County,2017,0,14,55,55,127,14,268,11764,69,196
Ward County,2018,1,4,34,70,175,9,294,11572,39,254
Ward County,2019,1,8,50,56,280,18,417,11796,59,354
Ward County,2020,0,7,38,60,201,25,334,12125,45,286
Washington County,2015,0,16,55,145,358,31,620,34688,71,534
Washington County,2016,1,18,40,160,323,38,591,34873,59,521
Washington County,2017,2,10,136,128,275,36,591,35248,148,439
Washington County,2018,0,28,63,78,351,28,563,35139,91,457
Washington County,2019,0,26,109,110,355,36,644,35066,135,501
Washington County,2020,1,24,61,63,318,28,503,36010,86,409
Webb County,2015,8,147,723,1138,7451,328,9963,271250,878,8917
Webb County,2016,12,153,656,1116,6837,235,9174,272746,821,8188
Webb County,2017,10,125,599,931,5610,174,7605,269627,734,6715
Webb County,2018,10,156,658,795,5697,169,7630,272783,824,6661
Webb County,2019,6,121,609,771,3875,328,5879,272676,736,4974
Webb County,2020,12,98,662,706,3161,241,5037,274048,772,4108
Wharton County,2015,1,20,114,237,792,53,1231,41221,135,1082
Wharton County,2016,1,23,132,217,815,63,1268,41398,156,1095
Wharton County,2017,2,16,127,210,646,62,1086,41762,145,918
Wharton County,2018,3,17,111,163,527,39,868,41950,131,729
Wharton County,2019,1,18,103,177,559,61,944,41400,122,797
Wharton County,2020,2,9,119,159,561,84,949,41445,130,804
Wheeler County,2015,0,0,4,28,45,5,83,5807,4,78
Wheeler County,2016,0,0,9,20,49,3,82,5694,9,72
Wheeler County,2017,0,0,5,9,26,3,43,5566,5,38
Wheeler County,2018,0,0,0,11,24,6,41,5340,0,41
Wheeler County,2019,0,0,5,1,7,3,16,3325,5,11
Wheeler County,2020,0,1,1,3,9,0,15,3257,2,12
Wichita County,2015,2,95,248,1117,3239,232,5051,132787,345,4588
Wichita County,2016,9,130,245,989,3050,313,4862,131296,384,4352
Wichita County,2017,6,98,224,881,2687,288,4314,131707,328,3856
Wichita County,2018,6,95,230,742,2722,296,4231,131660,331,3760
Wichita County,2019,4,115,227,676,2688,278,4080,131269,346,3642
Wichita County,2020,9,87,318,728,2569,327,4119,131830,414,3624
Wilbarger County,2015,0,6,27,43,239,25,345,12871,33,307
Wilbarger County,2016,0,11,46,91,264,13,429,12896,57,368
Wilbarger County,2017,1,7,29,66,270,15,392,12780,37,351
Wilbarger County,2018,0,5,39,73,204,10,334,12625,44,287
Wilbarger County,2019,0,11,36,47,148,11,257,12657,47,206
Wilbarger County,2020,0,9,26,34,107,25,206,12647,35,166
Willacy County,2015,0,31,142,209,500,14,901,21877,173,723
Willacy County,2016,0,19,110,150,445,11,744,21779,129,606
Willacy County,2017,1,19,113,190,421,16,765,21722,133,627
Willacy County,2018,2,13,160,173,379,18,755,21433,175,570
Willacy County,2019,0,18,134,161,227,12,556,21293,152,400
Willacy County,2020,3,8,85,89,153,14,356,18660,96,256
Williamson County,2015,7,169,344,987,5124,201,6924,451632,520,6312
Williamson County,2016,1,169,386,1079,5439,308,7480,467610,556,6826
Williamson County,2017,2,188,405,929,5879,333,7833,488060,595,7141
Williamson County,2018,5,189,375,960,5474,270,7352,524366,569,6704
Williamson County,2019,8,178,319,804,4993,321,6710,540695,505,6118
Williamson County,2020,9,196,374,1125,5996,509,8329,565745,579,7630
Wilson County,2015,0,6,44,155,405,29,642,47369,50,589
Wilson County,2016,1,5,48,112,350,54,575,48311,54,516
Wilson County,2017,2,6,37,144,268,52,514,49385,45,464
Wilson County,2018,2,3,25,109,168,17,328,50118,30,294
Wilson County,2019,0,9,37,149,225,35,456,50870,46,409
Wilson County,2020,1,17,26,89,166,43,342,49534,44,298
Winkler County,2015,1,0,6,12,37,1,57,8034,7,50
Winkler County,2016,0,0,3,25,50,8,87,8180,3,83
Winkler County,2017,1,2,0,10,43,4,60,8031,3,57
Winkler County,2018,0,6,31,29,71,17,155,7627,37,117
Winkler County,2019,2,3,26,71,125,32,260,7756,31,228
Winkler County,2020,0,1,13,68,116,22,221,8094,14,206
Wise County,2015,2,17,60,148,480,75,785,62425,79,703
Wise County,2016,1,15,91,129,477,54,770,63563,107,660
Wise County,2017,2,37,92,142,442,49,768,65326,131,633
Wise County,2018,4,24,107,129,368,53,691,67071,135,550
Wise County,2019,3,23,76,146,463,59,777,69118,102,668
Wise County,2020,3,27,87,99,495,66,783,71069,117,660
Wood County,2015,0,4,43,173,423,48,695,43857,47,644
Wood County,2016,1,21,44,196,290,35,591,44208,66,521
Wood County,2017,0,21,52,160,298,34,568,45265,73,492
Wood County,2018,0,36,64,89,246,32,467,45237,100,367
Wood County,2019,0,41,46,111,249,48,501,45954,87,408
Wood County,2020,3,14,32,127,259,33,470,46493,49,419
Yoakum County,2015,0,4,4,25,91,3,127,8421,8,119
Yoakum County,2016,0,4,13,31,70,7,125,8668,17,108
Yoakum County,2017,0,4,4,16,49,7,80,8591,8,72
Yoakum County,2018,0,5,2,16,40,9,72,8653,7,65
Yoakum County,2019,0,2,2,33,39,9,85,8634,4,81
Yoakum County,2020,0,0,6,10,47,5,68,8785,6,62
Young County,2015,1,3,25,63,227,22,343,18346,29,312
Young County,2016,0,3,19,63,158,12,259,18162,22,233
Young County,2017,1,7,17,53,114,15,210,18069,25,182
Young County,2018,0,12,19,48,102,11,196,17853,31,161
Young County,2019,1,11,21,50,87,15,188,17873,33,152
Young County,2020,2,10,19,79,73,9,195,17893,31,161
Zapata County,2015,1,1,12,49,134,10,208,14417,14,193
Zapata County,2019,0,1,46,76,105,2,235,14114,47,183
Zapata County,2020,0,0,13,36,72,0,124,14142,13,108
Zavala County,2015,0,2,53,109,169,10,343,12432,55,288
Zavala County,2016,0,2,31,67,92,5,199,12306,33,164
Zavala County,2017,0,3,52,163,203,18,444,26443,55,384
Zavala County,2018,0,6,13,145,143,11,321,26263,19,299
Zavala County,2019,0,4,17,41,27,5,94,11940,21,73
Zavala County,2020,1,1,16,25,39,8,90,11813,18,72
